,meta_country,policy_health,policy_health_note,policy_ehealth,policy_ehealth_note,policy_his,policy_his_note,policy_telehealth,policy_telehealth_note,funding_public,funding_public_note,funding_private,funding_private_note,funding_donor,funding_donor_note,funding_publicprivate,funding_publicprivate_note,policy_multilingual,policy_multilingual_note,sites_multilingual,training_preservice,training_preservice_note,training_inservice,training_inservice_note,population_1000s,lifeexpectancy_years,GNI_percentgdp,healthspend_percentgdp,physician_per10000,ICTdevindex_rank,nurse_per10000,mobilephone_percent,hospitalbed_per10000,internetusers_percent,legal_ehealth,legal_safety,legal_privacyanyformat,legal_privacydigital,sharing_national,sharing_international,sharing_research,owndata_access,owndata_correction,owndata_deletion,owndata_sharingcontrol,legal_registration,legal_idmanagement,teleradiology,teleradiology_note,teledermatology,teledermatology_note,telepathology,telepathology_note,telepsychiatry,telepsychiatry_note,remotemonitoring,remotemonitoring_note,elearning_students_medicine,elearning_students_dentistry,elearning_students_publichealth,elearning_students_nursing,elearning_students_pharmacy,elearning_students_biomedical,elearning_prof_medical,elearning_prof_dentistry,elearning_prof_publichealth,elearning_prof_nursing,elearning_prof_pharmacy,elearning_prof_biomedical,ehr_national,ehr_national_note,ehr_legislation,ehr_primary,ehr_primary_note,ehr_secondary,ehr_secondary_note,ehr_tertiary,ehr_tertiary_note,ehr_laboratory,ehr_pathology,ehr_pharmacy,ehr_pacs,ehr_vaccinationalerts,ehr_billing,ehr_supplychain,ehr_hr,meta_region,sm_policy,sm_policy_note,sm_policyhealth,sm_org_healthpromotion,sm_org_appointment,sm_org_feedback,sm_org_announcements,sm_org_emergency,sm_ind_learn,sm_ind_decide,sm_ind_feedback,sm_ind_campaign,sm_ind_forum,policy_bigdata_health,policy_bigdata_health_note,policy_bigdata_private,policy_bigdata_private_note,mhealth_tollfree,mhealth_tollfree_note,mhealth_callcentre,mhealth_callcentre_note,mhealth_appointments,mhealth_appointments_note,mhealth_telehealth,mhealth_telehealth_note,mhealth_disaster,mhealth_disaster_note,mhealth_adherence,mhealth_adherence_note,mhealth_community,mhealth_community_note,mhealth_infoaccess,mhealth_infoaccess_note,mhealth_records,mhealth_records_note,mhealth_mlearning,mhealth_mlearning_note,mhealth_dss,mhealth_dss_note,mhealth_monitoring,mhealth_monitoring_note,mhealth_survey,mhealth_survey_note,mhealth_surveillance,mhealth_surveillance_note
0,Afghanistan,,,,,Yes,,No,,No,0,Yes,25,Yes,50-75,,0,No,,Yes,Yes,25,Yes,25,30552,61,2000,8.1,0.27,,0.50,60.35,4,5.5,No,No,No,No,,,No,,,,,Yes,,National,Established,National,Established,National,,National,Established,National,Established,Yes,Yes,Yes,Yes,No,No,Yes,No,Yes,Yes,No,No,,,,,,,,,,,,,,,No,No,Yes,WHO Eastern Mediterranean Region,,,,Yes,Yes,Yes,Yes,Yes,Yes,,Yes,Yes,,Yes,,No,,,,,,Local,Pilot,Intermediate,Informal,National  Intermediate  Local,Informal,National,Pilot,National,Pilot,National,Established,,,,,National,Pilot,,,,,,
1,Albania,Yes,2013,No,,No,,No,,Yes,0,,0,Yes,25,No,0,,,No,No,,No,,3173,74,10520,5.9,1.15,80,3.85,110.69,28,54.7,,,Yes,No,No,No,No,No,No,No,No,,,National,Pilot,National,Pilot,National,Pilot,National,Pilot,,,,,,,,,,,,,,,Yes,2015,Yes,Yes,75,Yes,75,Yes,75,No,No,No,No,No,,No,Yes,WHO European Region,Yes,2013,No,Yes,No,Yes,Yes,Yes,Yes,No,No,Yes,No,No,,No,,,,,,,,National,Pilot,National,Pilot,,,,,,,,,National,Pilot,,,National,Pilot,,,,
2,Argentina,Yes,2005,Yes,2014,Yes,2007,Yes,2010,Yes,50-75,No,0,Yes,25,Yes,0,No,,No,Yes,25-50,Yes,25-50,41446,76,,7.3,3.86,53,0.48,151.91,45,55.8,No,Yes,Yes,Yes,Yes,Yes,Yes,,Yes,Yes,Yes,Yes,Yes,Reg  Nat  Intm  Loc Informal,Pilot,,,National  Intermediate  Local Informal  Pilot,Established,,,,,Yes,No,Yes,Yes,No,Yes,Yes,Yes,Yes,Yes,Yes,Yes,No,,,,,,,,,,,,,,Yes,Yes,Yes,WHO Region of the Americas,No,,,Yes,No,Yes,Yes,Yes,Yes,,Yes,Yes,Yes,Yes,2009,No,,Reg  Nat  Intm  Loc,Established,Reg  Nat  Intm  Loc,Established,Regional  Intermediate  Local Informal,Pilot,National,Established,Intermediate,Established,Intermediate  Local Informal  Pilot,Established,Regional  Intermediate  Local,Established,All,Established,Local Pilot,Established,Local Pilot,Established,Local,Informal,Regional  Local Pilot,Established,Intermediate,Pilot,,
3,Armenia,Yes,2012,Yes,2012,Yes,2010,Yes,2010,No,0,Yes,0,Yes,25,No,0,No,,Yes,Yes,50-75,No,,2977,71,8140,4.5,2.70,74,4.83,111.91,37,39.2,No,No,Yes,Yes,No,No,Yes,No,,No,No,Yes,Yes,All,Pilot,Local,Informal,Intermediate  Local Informal,Pilot,,,Intermediate  Local Informal,Pilot,,,,,,,,,,,,,No,,,,,,,,,,,,,,Yes,,No,WHO European Region,,,,Yes,No,Yes,Yes,Yes,Yes,Yes,Yes,Yes,Yes,,,,,Regional  Intermediate  Local,Established,Local,Informal,Local,Informal,Intermediate  Local,Pilot,,,National  Intermediate,Informal,,,Local,Informal,Intermediate  Local Informal  Pilot,Established,,,Local,Informal,Local,Informal,Intermediate  Local Informal,Pilot,,
4,Australia,Yes,2008,Yes,2008,No,,No,,Yes,75,No,0,No,0,No,0,,,Yes,Yes,25-50,Yes,50-75,23343,83,42540,9.4,3.27,11,10.65,105.59,38,82.3,Yes,Yes,,Yes,Yes,Yes,Yes,Yes,Yes,Yes,Yes,No,Yes,National,Pilot,,,,,National,Established,,,Yes,Yes,Yes,Yes,Yes,Yes,Yes,Yes,Yes,Yes,Yes,Yes,Yes,2012,Yes,Yes,25-50,Yes,25-50,Yes,,No,No,Yes,No,No,Yes,Yes,,WHO Western Pacific Region,Yes,2013,,Yes,,,Yes,Yes,Yes,,,Yes,Yes,No,,Yes,,Regional  National  Local,Established,National,Established,,,,,,,,,National,Established,,,National,Established,,,,,,,,,,
5,Austria,No,,No,,Yes,2008,No,,Yes,75,Yes,25,No,0,No,0,No,,Yes,Yes,25,Yes,25,8495,81,43840,11,3.38,21,9.38,,77,81,No,Yes,Yes,Yes,Yes,No,,Yes,Yes,Yes,Yes,Yes,Yes,Intermediate  Local Informal,Established,,,Local,,,,Intermediate Informal,Pilot,Yes,No,Yes,Yes,No,Yes,Yes,No,Yes,Yes,No,No,Yes,2015,Yes,Yes,25,Yes,50-75,Yes,25,Yes,No,Yes,Yes,No,Yes,,,WHO European Region,No,,,,,,,,Yes,Yes,,Yes,Yes,No,,No,,National,Established,Intermediate,Established,Local,Informal,,,Intermediate,Informal,Local,Informal,,,,,,,,,,,Local,Informal,,,,
6,Azerbaijan,Yes,,Yes,2010,Yes,2010,No,,Yes,50-75,Yes,25,Yes,25,Yes,0,No,,Yes,Yes,25,No,,9413,72,16180,5.6,3.40,61,6.54,108.77,75,54.2,No,No,Yes,Yes,No,No,No,No,,,No,Yes,Yes,,,,,,,,,,,,,,,,,Yes,No,No,No,No,No,Yes,2007,Yes,Yes,50-75,Yes,25-50,No,,No,No,No,No,Yes,No,Yes,Yes,WHO European Region,No,,,Yes,No,Yes,Yes,,Yes,Yes,Yes,Yes,Yes,No,,No,,National,Established,National,Established,,,International  Regional   National,,,,,,,,National,,National,Pilot,,,,,,,,,,
7,Burundi,No,,No,,Yes,2011,No,,Yes,25,Yes,25,Yes,50-75,Yes,25,,,No,No,,Yes,25,10163,56,820,8,0.03,,0.19,22.81,19,1.2,No,No,Yes,No,No,No,No,No,No,No,No,Yes,No,National,Informal,,Informal,,,,,,,,,,,,,,,,,,,No,,,,,,,,,,,,,,Yes,No,No,WHO African Region,No,,,No,No,No,No,No,No,No,No,No,No,No,,No,,National  Intermediate  Local,Pilot,National  Intermediate  Local,Pilot,National  Intermediate  Local,Pilot,Intermediate  Local,Informal,National,Pilot,National  Intermediate  Local,Pilot,National  Intermediate  Local,Informal,National,Established,,Informal,,Informal,,Informal,National  Intermediate,Informal,National,Established,National  Intermediate,Established
8,Belgium,Yes,1944,Yes,2013,Yes,2008,No,,Yes,75,Yes,25,,0,Yes,25,Yes,1919,Yes,Yes,25,Yes,25,11104,80,40280,11.2,3.78,25,16.76,111.33,65,82,No,Yes,Yes,Yes,Yes,No,No,No,Yes,No,Yes,No,Yes,Local,Established,Local,Established,Local,Established,Local,Established,Local,Established,Yes,Yes,Yes,No,Yes,Yes,Yes,No,No,No,No,No,Yes,2008,Yes,Yes,50-75,Yes,75,Yes,75,Yes,No,Yes,Yes,No,Yes,Yes,Yes,WHO European Region,No,,,Yes,Yes,Yes,Yes,,Yes,,,,,No,,No,,National,Established,Local,Informal,Local,Established,Local,Established,National,Informal,Local,Pilot,Local,Informal,Local,Informal,National Pilot,Established,Local,Informal,National,Pilot,Local,Established,,,,
9,Benin,Yes,2008,No,,Yes,1985,Yes,2012,No,0,No,0,Yes,25,No,0,No,,No,No,,No,,10323,59,1780,4.6,0.06,143,0.77,83.65,5,3.8,No,No,Yes,No,No,No,No,No,No,No,No,Yes,Yes,Local,Established,,,International,Established,,,,,,,,,,,,,,,,,No,,,,,,,,,,,,,,No,Yes,Yes,WHO African Region,No,,,Yes,No,No,Yes,Yes,No,No,No,Yes,No,No,,No,,National,Established,National,Established,,,Intermediate,Pilot,,,,,National,Established,International  Regional   National,Informal,,,,,National,Pilot,,,National,Pilot,,
10,Burkina Faso,No,,No,,Yes,2010,No,,Yes,25,No,0,Yes,50-75,No,0,No,,No,No,,No,,16935,59,1560,6.4,0.05,154,0.57,60.61,4,3.7,No,No,Yes,Yes,No,No,Yes,No,No,No,No,No,No,,,,,,,,,,,,,,,,,,,,,,,No,,,,,,,,,,,,,,No,No,No,WHO African Region,No,,,Yes,No,No,No,No,Yes,No,Yes,No,No,No,,No,,,,,,Local,Pilot,,,,,,,,,,,Local,Pilot,International,Informal,Local,Pilot,,,,,Local,Pilot
11,Bangladesh,Yes,2012,Yes,2015,Yes,2011,No,,Yes,25-50,Yes,25-50,Yes,25-50,Yes,25,,,Yes,Yes,25,Yes,25,156595,71,2810,3.7,0.36,135,0.22,,3,6.3,No,No,Yes,No,No,No,,No,No,No,No,Yes,Yes,Intl  Reg  Nat  Intm Pilot,Established,National  Intermediate,Pilot,National  Intermediate,Pilot,National  Intermediate,,International,Pilot,,,,,,,Yes,No,Yes,No,No,No,No,,,,,,,,,,,,,,No,Yes,Yes,WHO South-East Asia Region,Yes,2015,No,Yes,,Yes,Yes,Yes,Yes,Yes,Yes,Yes,Yes,No,,No,,,,Reg  Nat  Intm  Loc,Established,Intermediate  Local,Pilot,Reg  Nat  Intm  Loc,Established,National  Intermediate  Local,Established,Reg  Nat  Intm  Loc,Established,Reg  Nat  Intm  Loc,Established,Reg  Nat  Intm  Loc,Established,National,,Reg  Nat  Intm  Loc Pilot,Established,Local,Established,National  Intermediate  Local,Established,Reg  Nat  Intm  Loc,Established,Reg  Nat  Intm  Loc,Established
12,Bulgaria,Yes,1999,Yes,2014,No,,No,,Yes,25,No,0,Yes,25,No,0,,,,Yes,25-50,Yes,25-50,7223,75,15200,7.6,3.87,46,4.78,148.13,66,55.1,No,No,Yes,Yes,Yes,,No,Yes,Yes,Yes,Yes,Yes,No,Local,Informal,,,Local,Informal,,,Local,Informal,Yes,Yes,Yes,Yes,Yes,Yes,Yes,Yes,Yes,Yes,Yes,Yes,No,,,,,,,,,,,,,,Yes,,No,WHO European Region,,,,,,,,,,,,,,No,,No,,Local,Informal,Local,Informal,Local,Informal,Local,Informal,National,Established,Local,Pilot,National,Pilot,Intl  Reg  Nat  Intm,Established,Local,Informal,Local,Informal,,,,,Local,Informal,,
13,Bahrain,Yes,,Yes,,Yes,,No,,Yes,75,No,,No,0,,0,Yes,2011,,Yes,25,Yes,25,1332,77,36140,4.9,0.92,39,2.37,161.17,18,88,Yes,Yes,Yes,Yes,,,No,No,No,No,No,,,National,Established,National,Pilot,National,Pilot,National,Informal,Local,Established,Yes,No,No,Yes,No,No,,,,,,,Yes,,,No,,No,,No,,No,No,No,No,No,,,,WHO Eastern Mediterranean Region,Yes,2014,No,Yes,No,Yes,Yes,Yes,Yes,Yes,Yes,Yes,,,,,,National,Established,National,Established,Intermediate,Informal,,,,,,,National,Informal,Intermediate,Established,,,Intermediate,Established,,,,,National,Informal,,
14,Bosnia and Herzegovina,No,,No,,No,,No,,Yes,25,No,0,Yes,25,No,0,No,,Yes,Yes,25,Yes,25,3829,77,9820,9.6,1.93,67,5.60,87.57,34,65.4,No,No,Yes,Yes,No,No,No,No,No,No,No,Yes,Yes,Local,Established,,,,,,,,,Yes,No,Yes,No,No,No,,,,,,,Yes,,Yes,Yes,25-50,No,,No,,No,No,No,Yes,No,,No,No,WHO European Region,No,,,,,,,,Yes,,Yes,,,No,,No,,,,,,Local,Informal,,,,,,,Local,Pilot,,,Local,Pilot,,,,,Local,Pilot,,,,
15,Belarus,Yes,1993,No,,No,,No,,Yes,25,No,0,Yes,25,No,0,,,Yes,Yes,75,Yes,75,9357,72,16940,6.1,3.93,41,10.64,,111,46.9,No,No,Yes,No,No,No,No,No,No,No,No,Yes,,Intermediate,Informal,,,,,,,,,Yes,No,Yes,No,No,Yes,Yes,No,Yes,No,No,Yes,Yes,2005,No,Yes,25-50,Yes,25-50,Yes,25-50,,,,,,No,No,No,WHO European Region,No,,,No,No,No,No,No,Yes,Yes,Yes,No,No,No,,No,,Intermediate,Informal,Intermediate,Informal,,,,,,,,,,,Local,,,,National,,,,Intermediate,Informal,,,,
16,Bhutan,Yes,2010,Yes,2014,Yes,2010,No,,Yes,25-50,No,0,Yes,25,No,0,No,,No,Yes,50-75,No,,754,68,7210,3.6,0.26,118,0.98,75.61,18,25.4,No,No,Yes,No,No,No,No,No,No,No,No,No,No,,,,,,,,,,,,,,,,,,,,,,,No,,,,,,,,,,,,,,No,No,Yes,WHO South-East Asia Region,No,,,Yes,No,No,Yes,Yes,,No,Yes,,,No,,No,,National,Established,National,Established,,,,,National,Established,,,,,,,,,,,,,,,,,,
17,Botswana,Yes,2012,No,,Yes,2003,No,,,,,,,,,,,,,,,,,2021,64,15500,5.4,0.40,108,3.35,153.79,18,11.5,No,Yes,No,Yes,No,No,Yes,No,No,No,No,Yes,Yes,National,Established,National,Established,National,Pilot,Local,Established,Local,Pilot,,,,,,,No,No,Yes,No,No,No,Yes,2004,No,No,,Yes,75,Yes,75,Yes,Yes,Yes,No,No,Yes,Yes,Yes,WHO African Region,No,,,Yes,No,Yes,Yes,Yes,Yes,Yes,No,Yes,Yes,No,,No,,Intermediate,Established,National,Informal,National,Established,Intermediate,Informal,National,Established,Regional,Established,National,Established,Intermediate,Established,National,Established,Local,Informal,National,Established,Intermediate,Informal,Regional,Pilot,Regional,Informal
18,Central African Republic,No,,No,,No,,No,,No,0,No,0,No,0,No,0,No,,No,No,,No,,4616,51,600,3.9,0.05,156,0.26,25.26,10,3,No,No,,No,No,No,No,No,No,No,No,,,,,,,,,,,,,,,,,,,,,,,,,No,,,,,,,,,,,,,,No,No,Yes,WHO African Region,,,,Yes,Yes,Yes,Yes,Yes,Yes,Yes,Yes,Yes,Yes,No,,No,,,,,,,,,,National,Pilot,,,,,,,,,,,,,,,,,,
19,Canada,Yes,1970,Yes,2000,No,,No,,Yes,75,Yes,25,,,,,,,Yes,Yes,50-75,Yes,25,35182,82,42610,10.9,2.07,20,9.29,80.05,32,86.8,Yes,Yes,Yes,Yes,Yes,Yes,Yes,Yes,Yes,No,No,Yes,No,Intermediate  Local Pilot,Established,Intermediate  Local,Established,Intermediate  Local Pilot,Established,Intermediate  Local Pilot,Established,Intermediate  Local Pilot,Established,Yes,Yes,Yes,Yes,Yes,Yes,Yes,Yes,Yes,Yes,Yes,Yes,Yes,2001,No,Yes,50-75,Yes,75,Yes,75,Yes,No,Yes,Yes,Yes,Yes,Yes,Yes,WHO Region of the Americas,Yes,2013,No,Yes,No,Yes,Yes,Yes,Yes,Yes,Yes,Yes,Yes,No,,No,,National  Intermediate  Local Informal,Established,National  Intermediate  Local Informal,Established,Intermediate  Local Informal  Pilot,Established,National  Intermediate  Local Pilot,Established,Local,Informal,Intermediate  Local Informal  Pilot,Established,Reg  Nat  Intm  Loc Pilot,Established,National  Local Pilot,Established,Local,Established,National  Intermediate  Local Informal  Pilot,Established,National  Local,Established,Intermediate  Local Pilot,Established,Intermediate,Pilot,National  Local,Pilot
20,Switzerland,Yes,1996,Yes,2007,No,,No,,Yes,25,Yes,25,No,0,Yes,25,Yes,2010,Yes,Yes,25,Yes,75,8078,83,56580,11.5,4.05,13,0.32,130.22,52,85.2,Yes,Yes,Yes,Yes,No,No,Yes,No,No,No,No,Yes,Yes,Regional,Established,Regional,Informal,Local,Informal,,,Local,Informal,Yes,Yes,Yes,Yes,Yes,No,Yes,No,No,No,No,No,No,,,,,,,,,,,,,,Yes,Yes,Yes,WHO European Region,No,,,Yes,No,,No,,Yes,,Yes,No,Yes,No,,No,,Regional,Established,Regional,Established,,,Local,Informal,Local,Informal,,,National,Established,Local,Informal,Regional,Pilot,Local,Informal,Local,Informal,Regional,Pilot,,,,
21,Chile,Yes,2010,Yes,2014,Yes,2008,No,,Yes,75,No,0,No,0,No,0,No,,No,Yes,25,Yes,25,17620,80,21030,7.7,1.02,51,0.14,138.17,21,61.4,Yes,Yes,Yes,Yes,No,No,Yes,Yes,,Yes,No,Yes,,National,Established,National,Established,,,National,Informal,Local,Informal,Yes,Yes,No,Yes,No,No,Yes,No,No,Yes,No,No,Yes,2008,No,Yes,50-75,Yes,25,Yes,25,Yes,No,No,Yes,No,Yes,Yes,Yes,WHO Region of the Americas,No,,,Yes,No,Yes,No,No,,,,,,No,,No,,National,Pilot,National,Established,Local,Informal,,,National,Established,Local,Informal,Local,Informal,National,Established,,,,,,,,,,,,
22,China,Yes,2009,Yes,2012,No,,Yes,2013,Yes,25-50,Yes,25-50,Yes,25,No,0,Yes,,No,Yes,75,Yes,25-50,1393337,75,11850,5.6,1.49,78,1.66,80.76,42,42.3,No,No,No,No,No,No,No,No,No,No,,Yes,Yes,Intermediate,Established,Local,Pilot,Local,Pilot,Local,Pilot,Local,Pilot,Yes,Yes,Yes,Yes,Yes,Yes,Yes,Yes,Yes,Yes,Yes,Yes,Yes,2009,No,Yes,75,Yes,25-50,Yes,50-75,Yes,Yes,Yes,Yes,Yes,Yes,Yes,Yes,WHO Western Pacific Region,No,,,Yes,Yes,Yes,Yes,Yes,Yes,Yes,Yes,Yes,Yes,No,,No,,Intermediate,Established,Intermediate,Established,Local,Pilot,Local,Pilot,National,Established,Local,Pilot,Local,Pilot,National,Established,Intermediate,Pilot,Local,Pilot,Local,Pilot,Local,Pilot,Intermediate,Pilot,Intermediate,Established
23,Cote D Ivoire,Yes,2012,Yes,2012,Yes,2010,No,,Yes,25,Yes,25,Yes,25,Yes,25,No,,No,No,,No,,20316,53,2900,5.7,0.14,137,0.48,91.23,4,2.4,Yes,Yes,Yes,Yes,No,No,No,No,No,No,No,Yes,Yes,Local,Pilot,,,,,,,,,,,,,,,Yes,No,No,No,No,No,No,,,,,,,,,,,,,,Yes,Yes,Yes,WHO African Region,No,,,Yes,No,Yes,Yes,Yes,Yes,,Yes,Yes,Yes,No,,No,,National  Intermediate  Local,Established,National  Intermediate  Local,Established,National  Intermediate  Local,Established,,,National  Intermediate  Local,Established,National  Intermediate  Local,Pilot,,,National  Intermediate  Local,Established,,,Local,Informal,,,Local,Informal,,,National  Intermediate  Local,Established
24,Colombia,,,,,,,Yes,2010,,,,,,,,,,,,,,,,48321,78,11890,6.8,1.47,77,0.62,102.85,10,49,Yes,Yes,Yes,Yes,Yes,Yes,Yes,Yes,Yes,No,Yes,Yes,Yes,National  Intermediate Pilot,Established,National  Intermediate Pilot,Established,National  Intermediate Pilot,Established,National  Intermediate Pilot,Established,National  Intermediate Pilot,Established,Yes,Yes,Yes,Yes,Yes,Yes,No,No,No,No,No,No,No,,,,,,,,,,,,,,Yes,Yes,Yes,WHO Region of the Americas,Yes,2010,No,Yes,Yes,Yes,Yes,Yes,Yes,Yes,,Yes,,Yes,2007,,,National  Intermediate  Local,Established,Local,Established,National,Established,Intermediate,Established,National  Intermediate  Local,Established,Intermediate,Established,National  Intermediate,Established,National,Established,National  Intermediate,Established,National  Intermediate,Established,National  Intermediate,Pilot,National  Intermediate,Established,National Pilot,Established,National  Intermediate  Local,Established
25,Comoros,No,,No,,Yes,2015,No,,No,0,No,0,No,0,No,0,No,,No,No,,No,,735,62,1560,5.8,0.15,138,0.74,39.51,22,6,No,No,,No,No,No,No,No,No,No,No,,No,,,,,,,,,,,,,,,,,No,No,Yes,No,No,No,No,,,,,,,,,,,,,,No,No,Yes,WHO African Region,No,,,Yes,No,No,Yes,Yes,Yes,No,No,Yes,Yes,No,,No,,,,,,,,,,,,,,,,,,,,,,,,,,,,,
26,Cabo Verde,Yes,2005,Yes,2007,Yes,2007,Yes,2012,Yes,50-75,No,0,Yes,25,Yes,25,Yes,2012,Yes,Yes,75,Yes,25-50,499,75,6220,4.4,0.31,96,0.56,86.03,21,34.7,No,No,Yes,Yes,No,No,Yes,No,No,,No,Yes,Yes,National,Established,National,Established,,,National,Established,National,Established,Yes,Yes,Yes,Yes,Yes,Yes,Yes,Yes,Yes,No,Yes,Yes,Yes,2005,No,Yes,25-50,Yes,50-75,Yes,50-75,Yes,No,Yes,Yes,Yes,No,Yes,Yes,WHO African Region,Yes,2010,Yes,Yes,Yes,Yes,Yes,Yes,Yes,Yes,Yes,Yes,Yes,Yes,1998,,,National,Pilot,National,Pilot,National,Established,National,Established,,,,,,,National,Established,National,Established,National,Established,National,Established,,,National,Established,National,Established
27,Costa Rica,Yes,1973,Yes,2012,Yes,2012,Yes,1996,Yes,75,No,0,Yes,25,No,0,No,,No,Yes,25-50,Yes,25-50,4872,79,13570,9.9,1.11,60,0.77,111.92,12,47.5,Yes,Yes,Yes,Yes,Yes,No,No,No,No,No,Yes,Yes,Yes,Intermediate,Established,Intermediate,Established,,,Intermediate,Established,,,Yes,Yes,Yes,Yes,Yes,Yes,Yes,Yes,Yes,Yes,Yes,Yes,Yes,2011,Yes,Yes,25-50,Yes,25,Yes,25,Yes,No,Yes,Yes,No,Yes,Yes,Yes,WHO Region of the Americas,No,,,Yes,Yes,Yes,Yes,Yes,Yes,Yes,Yes,Yes,Yes,Yes,1988,Yes 8  198,,National,Established,National,Pilot,National,Established,Intermediate,Informal,National,Established,Intermediate,Pilot,National,Established,National,Pilot,Intermediate,Pilot,National,Established,Intermediate,Informal,,,National,Pilot,,
28,Cuba,Yes,,Yes,,Yes,,Yes,,Yes,,,0,Yes,25,No,0,,,No,Yes,,Yes,,11266,78,18520,8.8,6.72,111,9.05,14.92,59,25.6,No,Yes,Yes,Yes,No,No,,No,No,No,No,Yes,Yes,Local,Pilot,,,Local,Pilot,,,Local,Pilot,No,No,No,No,No,No,No,No,No,No,No,No,No,,,,,,,,,,,,,,Yes,Yes,Yes,WHO Region of the Americas,No,,,Yes,No,No,,Yes,,No,No,No,No,Yes,,,,National,Established,National,Established,,,,,National,Established,National,Established,,,,,,,,,,,,,,,,
29,Cyprus,,,Yes,2013,No,,No,,Yes,75,No,0,Yes,25,No,0,Yes,,Yes,Yes,25-50,Yes,25,1141,82,28830,7.4,2.33,45,4.46,98.40,38,61,,,,,,,,,,,,,,Regional,Pilot,,,,,Local,Pilot,Regional,Pilot,,,,,,,Yes,No,No,Yes,No,No,Yes,,Yes,Yes,,No,,No,,Yes,No,No,Yes,No,,,,WHO European Region,,,,,,,,,,,,,,,,,,,,,,,,,,,,,,,,,,,,,,,,,,,,,
30,Czech Republic,Yes,2013,No,,Yes,2002,No,,Yes,25,,0,,0,Yes,25,,,,Yes,25-50,,,10702,78,25530,7.2,3.51,34,,126.85,71,75,No,No,Yes,No,No,No,Yes,No,No,No,No,Yes,Yes,Local,Established,,,Local,Pilot,Local,Established,Local,Pilot,Yes,Yes,Yes,Yes,Yes,Yes,Yes,No,No,Yes,No,No,No,,,,,,,,,,,,,,Yes,,No,WHO European Region,No,,,,No,No,No,No,Yes,,Yes,,Yes,No,,No,,National,Informal,Local,Pilot,Local,Pilot,Local,Pilot,Intermediate,Established,Local,Pilot,Local,Pilot,Intermediate,Established,Local,Pilot,Local,Established,,,Local,Pilot,,,,
31,Denmark,Yes,,Yes,,No,,Yes,,Yes,75,Yes,25,No,0,Yes,25,No,,Yes,Yes,25-50,Yes,75,5619,80,44460,10.6,3.49,4,16.79,117.57,35,93,No,Yes,Yes,Yes,Yes,No,Yes,No,Yes,Yes,Yes,Yes,Yes,,,National,Established,National,Established,Local,Pilot,National,Pilot,Yes,Yes,Yes,Yes,Yes,Yes,No,No,No,No,No,No,Yes,,No,No,,Yes,,No,,Yes,Yes,Yes,Yes,No,Yes,Yes,,WHO European Region,No,,,Yes,No,No,No,Yes,Yes,Yes,,Yes,Yes,No,,No,,,,Regional,Pilot,,,National,Established,,,,,National,Established,National,Established,National,Established,,,Regional,Established,Regional,Pilot,Regional,Pilot,,
32,Dominican Republic,Yes,2014,Yes,2014,Yes,2006,No,,Yes,25,No,0,Yes,25,,0,No,,No,Yes,25-50,Yes,25,10404,74,11150,5.4,1.49,94,1.33,86.94,16,45,No,Yes,Yes,No,No,No,Yes,No,No,No,No,Yes,Yes,Local,,Local,Informal,International,Informal,,,,,Yes,No,Yes,No,No,Yes,Yes,No,Yes,No,No,Yes,No,,,,,,,,,,,,,,Yes,Yes,Yes,WHO Region of the Americas,No,,,Yes,No,Yes,Yes,Yes,,,Yes,,,Yes,2006,No,,Intermediate,Pilot,National,Established,Intermediate,Established,Local,Pilot,National,Established,,,National,Informal,International,Established,Local,Established,International  National,Established,Local,Informal,Local,Informal,Local,Informal,National,Established
33,Algeria,Yes,1974,No,,Yes,2014,No,,Yes,75,Yes,0,Yes,25,No,0,No,,Yes,Yes,50-75,Yes,50-75,39208,72,12990,6.6,1.21,106,1.95,97.95,17,15.2,No,No,,No,,,,No,No,No,No,,Yes,Local,Established,,,Intermediate,Established,,,,,Yes,Yes,Yes,Yes,Yes,Yes,Yes,Yes,Yes,Yes,Yes,Yes,No,,,,,,,,,,,,,,Yes,Yes,Yes,WHO African Region,No,,,No,No,No,No,No,Yes,,Yes,,Yes,No,,No,,National,Established,National,Established,,,,,,,,,National,Established,International,Established,Local,Established,National,Established,National,Established,,,,,,
34,Spain,Yes,1978,No,,Yes,1987,No,,Yes,75,Yes,25,Yes,25,Yes,25,Yes,1978,Yes,Yes,25,Yes,25-50,46927,83,31850,8.9,4.95,27,5.67,108.36,32,72,No,Yes,Yes,Yes,Yes,Yes,Yes,Yes,Yes,Yes,Yes,Yes,Yes,All,Established,Intl  Reg  Intm  Loc,Established,Regional  Intermediate  Local Pilot,Established,Regional  Intermediate  Local Pilot,Established,Reg  Nat  Intm  Loc Pilot,Established,Yes,No,Yes,Yes,No,No,,,,,,,Yes,2009,Yes,Yes,75,Yes,50-75,Yes,50-75,Yes,Yes,Yes,No,No,Yes,Yes,Yes,WHO European Region,No,,,Yes,Yes,Yes,Yes,Yes,Yes,Yes,Yes,Yes,Yes,No,,No,,Intl  Reg  Nat  Loc,Established,All Informal,Established,Regional,Established,Regional,Established,Regional,Pilot,Regional  Local Pilot,Established,Regional,Pilot,National,Established,International  Regional   National Pilot,Established,Local,Informal,Regional,Established,Regional  Local,Pilot,,,Regional,Pilot
35,Estonia,Yes,2008,Yes,2003,Yes,2014,No,,Yes,75,Yes,0,Yes,25,No,0,No,,Yes,Yes,25-50,Yes,25,1287,77,24230,5.7,3.24,22,6.38,160.41,54,79,No,Yes,Yes,Yes,Yes,Yes,Yes,Yes,Yes,Yes,Yes,Yes,Yes,National,Established,National,Established,National,Established,International  National,Pilot,International  Local,Pilot,Yes,No,Yes,Yes,No,Yes,Yes,No,No,No,No,No,Yes,2007,Yes,Yes,75,Yes,75,Yes,75,No,No,Yes,Yes,No,Yes,Yes,Yes,WHO European Region,No,,,Yes,No,Yes,Yes,Yes,Yes,Yes,Yes,,Yes,No,,No,,National,Established,National,Established,National,Established,Regional  National,Established,National,Established,National,Informal,National,Established,National,Established,National,Established,Intermediate,Established,Intermediate,Pilot,Regional  Intermediate,Pilot,International,Established,,
36,Ethiopia,Yes,1993,Yes,2014,Yes,2013,No,,Yes,25-50,No,0,Yes,50-75,Yes,0,Yes,2008,Yes,Yes,75,Yes,25,94101,65,1350,5.1,0.03,151,0.25,22.37,63,1.5,Yes,Yes,Yes,Yes,Yes,No,Yes,Yes,Yes,No,No,Yes,Yes,National,Established,National,Established,Local,Informal,,,,,Yes,No,No,No,No,No,Yes,No,No,No,Yes,No,Yes,2008,Yes,Yes,25-50,Yes,25-50,Yes,50-75,Yes,Yes,Yes,No,No,Yes,Yes,Yes,WHO African Region,Yes,,No,Yes,No,Yes,Yes,Yes,Yes,Yes,Yes,No,No,No,,No,,National,Established,National,Established,Intermediate  Local,Pilot,National,Pilot,Intermediate  Local,Established,Intermediate  Local,Pilot,,,National,Pilot,,,National,Established,,,,,Local,Pilot,Local,Pilot
37,Finland,Yes,1972,Yes,1995,Yes,2007,No,,Yes,75,No,0,No,0,Yes,25,Yes,1917,Yes,Yes,25-50,Yes,25-50,5426,81,38480,9.4,2.91,5,10.86,172.32,62,91,Yes,Yes,Yes,Yes,Yes,Yes,Yes,Yes,Yes,No,Yes,Yes,Yes,Regional,Established,Local,Pilot,Local,Pilot,Regional  National,Established,Local,Pilot,Yes,Yes,Yes,Yes,Yes,Yes,Yes,Yes,No,Yes,No,No,Yes,2007,Yes,Yes,75,Yes,75,Yes,75,Yes,Yes,Yes,Yes,No,Yes,Yes,Yes,WHO European Region,No,,,Yes,No,Yes,Yes,,Yes,Yes,Yes,,,No,,No,,Regional  National,Established,Regional  Local,Established,Local,Established,Regional  Local,Established,Regional  National,Established,Local Pilot,Established,Local,Informal,Reg  Nat  Intm  Loc,Established,Regional  National  Local,Pilot,Regional  National  Local,Established,Regional  National  Local,Established,Local,Established,Local,Informal,National,Informal
38,United Kingdom of Great Britain and Northern Ireland,Yes,2012,Yes,2012,Yes,2014,Yes,2012,Yes,75,No,0,No,0,Yes,25,No,,Yes,Yes,25-50,Yes,50-75,63136,81,35760,9.1,2.81,8,8.80,135.29,33,87,No,Yes,Yes,Yes,Yes,No,Yes,Yes,No,No,Yes,Yes,No,Local,Informal,Local,Informal,Local,Informal,Local,Informal,Intermediate,Established,Yes,Yes,Yes,Yes,Yes,Yes,Yes,Yes,Yes,Yes,Yes,Yes,No,,,,,,,,,,,,,,No,Yes,Yes,WHO European Region,Yes,2012,Yes,Yes,No,Yes,Yes,Yes,Yes,Yes,Yes,Yes,Yes,Yes,2014,Yes,,National,Established,Intermediate,Established,Intermediate,Established,Intermediate,Informal,National,Established,Intermediate,Established,,Established,National,Established,National,Established,National,Established,Intermediate,Established,Intermediate,Informal,Intermediate,Established,Intermediate,Established
39,Georgia,Yes,2014,Yes,2011,No,,No,,Yes,25,Yes,25,Yes,75,Yes,25,No,,Yes,Yes,25-50,Yes,25,4341,74,7040,9.4,4.27,71,0.14,107.81,31,45.5,Yes,No,Yes,Yes,,,Yes,No,No,No,No,Yes,Yes,National,Informal,,,National,Informal,,,,,Yes,Yes,Yes,Yes,Yes,Yes,,,,,,,No,,,,,,,,,,,,,,Yes,Yes,Yes,WHO European Region,No,,,Yes,Yes,,Yes,Yes,Yes,Yes,Yes,Yes,Yes,No,,,,National,Established,National,Established,National,Established,National,Established,National,,,,,,National,Established,,,,,,,,,National,Established,National,Established
40,Ghana,No,,Yes,2010,No,,No,,No,0,Yes,25,Yes,50-75,Yes,25,No,,Yes,Yes,50-75,Yes,50-75,25905,63,3880,5.4,0.10,113,0.93,100.99,9,17.1,No,Yes,Yes,Yes,Yes,No,No,No,No,No,No,Yes,Yes,,,,,,,,,,,Yes,Yes,Yes,Yes,Yes,Yes,Yes,Yes,Yes,Yes,Yes,Yes,No,,,,,,,,,,,,,,Yes,Yes,Yes,WHO African Region,,,,Yes,Yes,Yes,Yes,Yes,Yes,Yes,Yes,Yes,Yes,No,,No,,National,Established,National  Local Pilot,Established,Local,Pilot,Local,Pilot,National,Established,Local,Pilot,Local,Pilot,National,Established,Local Informal,Pilot,Local,Pilot,,,Local,Established,National,Established,National,Established
41,Gambia,No,,Yes,2014,Yes,2007,No,,No,0,No,0,Yes,25,No,0,No,,No,Yes,75,Yes,25,1849,61,1620,6,0.11,128,0.87,85.20,11,12.4,No,No,Yes,No,No,No,No,No,No,No,No,,No,International  National,Established,International  National,Established,International,,,,,,No,No,No,Yes,No,No,Yes,No,Yes,Yes,No,No,No,,,,,,,,,,,,,,,Yes,Yes,WHO African Region,No,,,Yes,No,No,Yes,No,,No,No,No,No,No,,No,,National,Established,,,Regional,,,,National,Informal,,,National  Intermediate  Local,Informal,,,,,,,,,,,National Informal,Pilot,,
42,Guinea-Bissau,Yes,2012,No,,No,,No,,No,0,No,0,No,0,No,0,No,,No,No,,No,,1704,54,1240,5.5,0.07,150,0.59,63.07,10,2.9,No,No,No,No,No,No,No,No,No,No,No,No,No,,,,,,,,,,,,,,,,,,,,,,,No,,,,,,,,,,,,,,No,No,No,WHO African Region,,,,Yes,No,No,Yes,Yes,Yes,No,No,Yes,Yes,No,,No,,,,,,,,,,,,,,,,,,,,,,,,,,,,,
43,Equatorial Guinea,No,,No,,No,,No,,No,0,No,0,No,0,No,0,No,,No,No,,No,,757,56,23240,3.5,0.30,,0.54,68.05,21,13.9,No,No,No,No,No,No,No,No,No,No,No,No,No,,,,,,,,,,,,,,,,,,,,,,,No,,,,,,,,,,,,,,No,No,No,WHO African Region,No,,,No,No,No,No,No,No,No,No,No,No,No,,No,,,,,,,,,,,,,,,,,,,,,,,,,,,,,
44,Greece,Yes,2015,Yes,2013,Yes,2015,No,,Yes,75,Yes,25,,,Yes,25,,,Yes,Yes,25-50,Yes,25-50,11128,81,25630,9.8,4.38,32,0.18,120.04,48,56,Yes,Yes,Yes,Yes,Yes,Yes,Yes,Yes,Yes,Yes,Yes,Yes,Yes,National,Pilot,National,Pilot,National,Pilot,National,Pilot,National,Pilot,Yes,Yes,Yes,Yes,Yes,Yes,Yes,Yes,Yes,Yes,Yes,Yes,No,,,,,,,,,,,,,,Yes,Yes,No,WHO European Region,No,,,Yes,No,Yes,Yes,Yes,Yes,Yes,Yes,Yes,Yes,No,,No,,Intermediate,Established,Local,Pilot,Local,Informal,Intermediate,Established,,,Local,Informal,,,,,,,,,,,Regional,Established,Intermediate,Informal,,
45,Guatemala,No,,No,,Yes,,No,,No,0,No,0,Yes,25-50,No,0,Yes,1991,No,Yes,75,Yes,50-75,15468,72,7130,6.4,0.93,,0.90,137.82,6,16,No,No,Yes,No,No,No,No,No,No,No,Yes,Yes,Yes,Intermediate,Established,,,,,,,,,Yes,Yes,No,Yes,Yes,No,Yes,No,Yes,Yes,Yes,No,No,,,,,,,,,,,,,,No,No,No,WHO Region of the Americas,No,,,Yes,No,No,Yes,No,No,No,No,No,No,No,,No,,National,Established,International  Intermediate,Established,,,Local,Established,,,,,Local,Established,,,,,,,Local,Established,,,,,,
46,Honduras,Yes,2013,No,,Yes,2013,No,,Yes,,Yes,,Yes,,Yes,,No,,No,Yes,25,Yes,25,8098,74,4270,8.7,0.37,110,1.08,92.87,8,18.1,No,Yes,Yes,No,No,No,No,No,No,No,No,Yes,Yes,,,,,,,,,,,Yes,No,Yes,Yes,No,Yes,Yes,No,Yes,No,No,Yes,No,,,,,,,,,,,,,,No,,Yes,WHO Region of the Americas,No,,,Yes,No,No,Yes,Yes,Yes,No,Yes,Yes,Yes,No,,No,,Local,Informal,Local,Informal,,,,,,,,,,,National,Established,,,Local,Informal,,,,,Local,Informal,National,Informal
47,Croatia,Yes,2012,Yes,2012,Yes,2010,Yes,2010,Yes,75,No,0,Yes,25,No,0,No,,Yes,Yes,25,Yes,25-50,4290,78,20370,7.3,1.81,38,,115.41,54,63,No,No,Yes,Yes,No,No,No,No,No,No,No,Yes,Yes,National,Established,Local,Informal,National,Informal,Local,Informal,Intermediate,Informal,,,,,,,Yes,No,Yes,Yes,No,No,No,,,,,,,,,,,,,,Yes,,Yes,WHO European Region,No,,,Yes,No,No,No,No,Yes,Yes,Yes,Yes,Yes,No,,No,,National,Established,,,National,Informal,Local,Pilot,Local,Pilot,Intermediate,Informal,,,International  National,Informal,Local,Pilot,,,,,,,,,,
48,Hungary,Yes,2014,No,,No,,No,,Yes,75,Yes,0,,0,,0,No,,,Yes,25,,,9955,75,21000,8,3.08,42,6.48,116.07,71,72,No,No,Yes,Yes,Yes,Yes,Yes,Yes,,No,Yes,Yes,Yes,Intermediate  Local Pilot,Established,Local,Pilot,Intermediate,Pilot,,,Intermediate,Pilot,,,,,,,Yes,No,No,Yes,No,No,No,,,,,,,,,,,,,,Yes,,Yes,WHO European Region,,,,Yes,No,Yes,,,Yes,Yes,,,Yes,No,,No,,National,Established,National,Established,Local,Pilot,Local,Pilot,National,Established,Intermediate,Informal,,,Local,Pilot,National Pilot,Established,Local,Informal,,,Intermediate,Established,Local,Informal,Local,Informal
49,Ireland,No,,Yes,2013,Yes,2004,No,,Yes,25,No,0,No,0,No,0,Yes,,Yes,,,Yes,25,4627,81,35090,8.9,2.67,23,15.20,107.21,49,79,Yes,Yes,Yes,No,No,Yes,Yes,Yes,Yes,Yes,,Yes,Yes,National,Established,,,,,,,,,,,,,,,,,,,,,No,,,,,,,,,,,,,,,Yes,Yes,WHO European Region,No,,,Yes,Yes,Yes,Yes,Yes,Yes,Yes,Yes,Yes,Yes,No,,No,,,Informal,,Informal,,Pilot,,,,,,Informal,,Informal,,,,,,,,,,,,,,
50,Iran  Islamic Republic of,Yes,2012,Yes,2012,No,,No,,Yes,75,No,0,No,0,,0,Yes,2012,Yes,Yes,75,Yes,50-75,77447,74,15600,6.7,0.89,90,1.41,76.10,17,26,No,No,Yes,No,No,No,No,No,No,No,No,Yes,Yes,Intermediate,Pilot,Intermediate,Pilot,Intermediate,Pilot,Intermediate,Pilot,Intermediate,Pilot,No,No,No,No,No,No,Yes,Yes,Yes,Yes,Yes,Yes,Yes,2002,Yes,Yes,25,Yes,25-50,Yes,25,Yes,Yes,Yes,Yes,No,Yes,No,No,WHO Eastern Mediterranean Region,No,,,No,No,No,No,No,Yes,Yes,Yes,Yes,Yes,No,,No,nan,National,Established,National,Established,Local,Informal,Intermediate,Informal,Local,Established,,,Intermediate,Informal,National,Established,,,Local,Informal,,,,,,,National,Pilot
51,Iraq,Yes,,,,No,,No,,,25,,25,Yes,,,25,,,,No,,,,33765,70,15220,5.2,0.61,,,81.63,13,7.1,Yes,Yes,Yes,,No,No,No,,,No,No,Yes,,,,,,,,,,,,,,,,,,,,,,,,,,,,,,,,,,,,,,No,No,Yes,WHO Eastern Mediterranean Region,,,,,No,No,No,No,No,No,No,No,No,No,,,,Local,Pilot,Local,Pilot,,,,,,,,,,,,,,,,,,,,,,,,
52,Iceland,Yes,2007,Yes,2009,Yes,2007,No,,Yes,75,No,0,No,0,Yes,25,,,Yes,Yes,75,Yes,75,330,82,38870,9.1,3.48,3,15.59,108.05,58,96,Yes,Yes,Yes,Yes,Yes,Yes,Yes,Yes,Yes,Yes,Yes,Yes,Yes,National,Established,,,,,,,,,,,,,,,,,,,,,Yes,2004,Yes,Yes,75,Yes,75,Yes,75,Yes,No,Yes,Yes,No,Yes,Yes,Yes,WHO European Region,No,,,No,No,No,Yes,Yes,Yes,,No,Yes,Yes,Yes,2015,Yes,2000,National,Established,National,Established,National,Established,National,Informal,National,Established,,,National,Established,National,Established,National,Established,,,National,,,,,,,
53,Israel,Yes,1995,No,,No,,Yes,,Yes,75,Yes,25,Yes,25,Yes,25,Yes,2011,Yes,Yes,50-75,Yes,25,7733,82,32140,7.2,3.34,26,4.96,120.68,35,73.4,Yes,Yes,Yes,Yes,Yes,Yes,Yes,No,No,No,Yes,Yes,Yes,National,Established,Intermediate,Pilot,Intermediate,Pilot,Intermediate,Pilot,National  Intermediate,Pilot,,,,,,,Yes,No,Yes,Yes,No,No,Yes,2012,No,Yes,50-75,Yes,75,Yes,25,Yes,Yes,Yes,No,No,Yes,Yes,Yes,WHO European Region,No,,,Yes,No,Yes,Yes,No,Yes,Yes,Yes,No,Yes,No,,No,,National,Established,National,Established,National,Established,,,,,,Pilot,National,Pilot,Local,,National,Established,,,,,National,Established,,,National,Established
54,Italy,Yes,1978,Yes,2006,Yes,2001,Yes,2014,Yes,75,Yes,25,Yes,25,Yes,25,Yes,1948,Yes,Yes,25,Yes,50-75,60990,83,34100,9.1,3.76,30,5.44,159.76,36,58,Yes,Yes,Yes,Yes,Yes,Yes,Yes,Yes,Yes,No,Yes,Yes,Yes,Intermediate,Established,Local,Informal,Intermediate,Pilot,Local,Informal,Intermediate,Established,Yes,Yes,Yes,Yes,Yes,Yes,Yes,Yes,No,Yes,Yes,Yes,Yes,2012,Yes,Yes,25-50,Yes,25-50,Yes,25-50,Yes,No,Yes,Yes,No,No,Yes,Yes,WHO European Region,No,,,Yes,Yes,Yes,Yes,Yes,Yes,Yes,Yes,Yes,Yes,No,,No,,National,Established,Local,Pilot,Intermediate,Established,Local,Informal,National,Established,Local,Pilot,National,Established,Local,Informal,Intermediate,Established,Local,Established,Local,Informal,Local,Informal,Local,Informal,Local,Informal
55,Jamaica,No,,Yes,2013,No,,No,,Yes,75,Yes,0,Yes,25,Yes,0,,,,Yes,25-50,No,,2784,74,8480,5.9,0.41,93,1.09,96.27,19,46.5,No,No,No,No,No,No,No,No,No,No,No,Yes,No,,,,,,,,,,,Yes,Yes,Yes,Yes,Yes,Yes,No,No,No,No,No,No,Yes,2014,No,Yes,25,No,,No,,Yes,No,Yes,No,No,No,No,No,WHO Region of the Americas,No,,,Yes,No,Yes,Yes,Yes,Yes,Yes,Yes,Yes,Yes,No,,,,National,Established,,,,,Intermediate,Informal,National,Established,Local,Informal,National,Established,International,Established,,,International,Established,Local,Informal,,,National,Established,National,Established
56,Jordan,Yes,2015,Yes,2009,,,No,,Yes,75,Yes,25,Yes,25,Yes,0,,,Yes,Yes,25,Yes,25,7274,74,11660,7.2,2.56,76,4.05,128.17,18,41,,Yes,Yes,Yes,No,No,No,No,No,No,,Yes,Yes,National,Established,National,Established,Intermediate,Established,,,Intermediate,Informal,Yes,Yes,Yes,Yes,Yes,No,Yes,Yes,Yes,Yes,Yes,No,Yes,2009,Yes,Yes,25,Yes,25-50,Yes,25-50,Yes,Yes,Yes,Yes,Yes,,No,Yes,WHO Eastern Mediterranean Region,No,,,Yes,Yes,Yes,Yes,Yes,Yes,Yes,Yes,Yes,Yes,Yes,2012,,,National,Established,National,Established,Intermediate,Informal,International  National,Pilot,National,Established,,,National,Established,National,Established,Intermediate,Established,National,Established,Intermediate,Pilot,National,Pilot,National,Pilot,National,Pilot
57,Japan,Yes,,Yes,2014,Yes,2014,No,,Yes,,Yes,,,,Yes,,Yes,,,,,Yes,,127144,84,37630,10.3,2.30,12,11.49,110.91,137,79.1,Yes,Yes,Yes,Yes,,,Yes,Yes,,,,Yes,,National,Established,Local,Informal,National,Established,Local,Informal,National,Established,Yes,Yes,Yes,Yes,Yes,Yes,Yes,Yes,Yes,Yes,Yes,Yes,No,,,,,,,,,,,,,,Yes,,Yes,WHO Western Pacific Region,No,,,,,,,,Yes,Yes,Yes,Yes,Yes,Yes,,,,National,Established,National,Established,Local,Pilot,Intermediate,Established,Intermediate,Established,,,Local,Informal,,,Local,Informal,National,Established,National,Established,Local,Informal,,,,
58,Kazakhstan,Yes,2013,Yes,2013,Yes,2013,No,,Yes,75,No,0,Yes,25,Yes,25,Yes,1995,Yes,Yes,75,Yes,50-75,16441,68,20570,4.3,3.62,48,8.26,185.82,76,53.3,Yes,Yes,Yes,Yes,Yes,Yes,Yes,Yes,,,No,Yes,Yes,National,Established,Intermediate,Established,National,Established,,,National,Established,No,No,Yes,No,No,Yes,Yes,No,Yes,Yes,No,Yes,Yes,2003,No,Yes,25-50,Yes,75,Yes,75,,,,,,Yes,,Yes,WHO European Region,No,,,Yes,Yes,Yes,Yes,Yes,Yes,Yes,Yes,Yes,Yes,,,,,National  Intermediate  Local,Established,National  Local,Established,Local,Pilot,National,Established,National,Established,Local,Pilot,National  Intermediate  Local,Established,National  Intermediate  Local,Established,National,Established,National,Established,Local,Pilot,Local,Pilot,Local,Pilot,Local,Pilot
59,Kenya,,,Yes,2011,Yes,2009,No,,No,0,No,0,Yes,25,No,0,No,,No,No,,Yes,25,44354,61,2250,4.5,0.20,116,0.86,,14,32.1,No,No,Yes,No,No,No,No,No,No,No,No,Yes,Yes,Local,Informal,,,,,,,,,,,,,,,,,,,,,No,,,,,,,,,,,,,,No,Yes,Yes,WHO African Region,No,,,Yes,No,Yes,Yes,No,Yes,Yes,Yes,Yes,Yes,No,,No,,,Informal,,Informal,,Pilot,,Informal,,Informal,,Informal,,Informal,,Informal,,Informal,,Informal,,Informal,,Informal,,Pilot,,
60,Kyrgyzstan,Yes,2012,No,,No,,No,,No,0,Yes,0,Yes,25-50,Yes,0,Yes,2009,Yes,Yes,25-50,Yes,25,5548,69,3070,6.7,1.97,,6.22,124.18,51,21.7,No,No,Yes,No,No,No,No,No,No,No,No,Yes,Yes,Intermediate  Local,Informal,,,,,Intermediate,Informal,,,,,,,,,Yes,No,Yes,Yes,No,No,No,,,,,,,,,,,,,,No,No,Yes,WHO European Region,No,,,Yes,No,Yes,Yes,No,Yes,Yes,Yes,Yes,No,No,,No,,,,,,,,,,,,,,,,,,,,,,,,,,,,,
61,Cambodia,No,,No,,Yes,2008,No,,No,0,,,Yes,,,,No,,No,Yes,,Yes,,15135,73,2890,7.5,0.17,120,0.79,128.53,,4.9,No,No,No,No,No,No,No,No,No,No,No,Yes,Yes,,,,,National,Pilot,,,,,Yes,Yes,No,No,Yes,No,,,,,,,Yes,2011,No,Yes,25,Yes,25,Yes,25,,,,,,,Yes,Yes,WHO Western Pacific Region,No,,,Yes,Yes,,,Yes,,,,,,No,,No,,National  Intermediate  Local,Established,Reg  Nat  Intm  Loc,Pilot,National  Intermediate  Local,Pilot,National  Intermediate  Local,Informal,National  Intermediate  Local,Informal,National  Intermediate  Local,Pilot,National  Intermediate  Local,Pilot,National  Intermediate  Local,Established,National  Intermediate  Local,Pilot,,,,,National  Intermediate  Local,Pilot,National  Intermediate  Local,Pilot,National  Intermediate  Local,Established
62,Kiribati,No,,Yes,,No,,,,No,0,No,0,No,0,No,0,,,,No,,Yes,25-50,102,67,2780,10.1,0.38,,3.71,15.88,14,10.7,,No,No,,,,,,,,,No,Yes,,,,,,,,,,,,,,,,,,,,,,,Yes,2012,,Yes,25,Yes,25,Yes,25,Yes,No,Yes,Yes,Yes,No,No,No,WHO Western Pacific Region,,,,Yes,Yes,No,Yes,Yes,Yes,Yes,Yes,Yes,Yes,Yes,,,,,,,,,,,,,,,,,,,,,,,,,,,,,,,
63,Lao People s Democratic Republic,Yes,2012,No,,Yes,2009,No,,No,0,No,0,Yes,0,No,0,No,,No,No,,No,,6770,66,4570,2,0.18,123,0.88,64.70,7,10.7,No,No,No,No,,No,,,No,,,No,No,,,,,,,,,,,,,,,,,,,,,,,No,,,,,,,,,,,,,,No,No,Yes,WHO Western Pacific Region,No,,,No,No,No,No,No,,,No,No,No,No,,No,,National,Established,Local,Pilot,,,Local,,,,,,,,,,,,,,,,,,,,,
64,Lebanon,Yes,2012,No,,No,,No,,No,0,No,0,Yes,25-50,Yes,,No,,Yes,Yes,25,Yes,25-50,4822,80,17390,7.2,3.20,52,2.72,80.81,35,61.2,No,No,Yes,No,No,No,No,No,No,No,No,Yes,Yes,Intermediate,Informal,Intermediate,Informal,,,,,,,Yes,No,Yes,Yes,Yes,Yes,Yes,No,Yes,Yes,Yes,Yes,No,,,,,,,,,,,,,,Yes,Yes,Yes,WHO Eastern Mediterranean Region,No,,,Yes,Yes,Yes,Yes,No,Yes,Yes,Yes,Yes,Yes,No,,No,,,,National,Established,National  Intermediate,Established,,,,,,,National,Established,,,Intermediate,Informal,,,,,,,National,Established,National,Established
65,Lesotho,Yes,,No,,Yes,,No,,No,0,No,0,No,0,No,0,No,,No,Yes,75,Yes,75,2074,50,3320,11.5,0.05,126,0.62,75.30,13,4.6,No,No,No,No,No,No,No,No,No,No,No,No,,,,,,,,,,,,,,,,,,,,,,,,Yes,1986,No,No,,Yes,50-75,Yes,50-75,Yes,No,Yes,No,No,Yes,Yes,Yes,WHO African Region,No,,,No,No,No,No,No,No,No,No,No,No,No,,No,,,,,,,,,,,,,,,,,,,,,,,,,,,,,
66,Lithuania,Yes,2014,Yes,2010,No,,Yes,2011,Yes,50-75,,0,Yes,25,Yes,25,,,Yes,Yes,25-50,Yes,25,3017,74,24500,6.2,4.12,44,,165.06,68,68,,Yes,Yes,Yes,Yes,Yes,Yes,Yes,Yes,Yes,Yes,Yes,Yes,National,Established,National,Established,International,Pilot,National,Informal,National,Pilot,Yes,Yes,Yes,Yes,Yes,Yes,Yes,Yes,Yes,Yes,Yes,Yes,Yes,2011,Yes,Yes,25,Yes,25,Yes,50-75,Yes,Yes,Yes,Yes,No,Yes,Yes,Yes,WHO European Region,No,,,Yes,Yes,Yes,Yes,Yes,Yes,Yes,Yes,Yes,Yes,Yes,1991,Yes,1991,National,Established,National,Established,National,Established,Local,Pilot,National,Established,Local,Pilot,Local,Pilot,International,Established,National,Established,International,Established,National,Established,Local,Established,National,Pilot,National,Pilot
67,Luxembourg,,,Yes,2006,Yes,2012,No,,Yes,75,No,0,No,0,No,0,,,Yes,Yes,25,Yes,25,530,82,59750,7.1,2.90,9,12.61,145.36,56,92,Yes,No,Yes,Yes,Yes,No,Yes,Yes,Yes,Yes,Yes,Yes,Yes,National,Established,,,,,,,Intermediate  Local,Established,No,No,No,Yes,No,No,,,,,,,Yes,2015,Yes,Yes,75,Yes,75,Yes,50-75,Yes,No,Yes,Yes,No,No,No,No,WHO European Region,Yes,2013,No,Yes,Yes,Yes,Yes,Yes,Yes,No,Yes,Yes,Yes,No,,,,National,Established,,,National,Informal,National,Pilot,International,Established,National,Pilot,National,Pilot,,,National,Established,,,Local,Pilot,,,,,,
68,Latvia,Yes,2014,Yes,2005,No,,No,,Yes,25,No,0,Yes,75,No,0,No,,Yes,Yes,25,Yes,25,2050,74,22970,5.7,3.58,35,3.44,,64,74,Yes,Yes,Yes,Yes,Yes,No,Yes,Yes,Yes,No,Yes,Yes,Yes,Intermediate,Established,,,Local,Established,,,,,Yes,Yes,Yes,Yes,Yes,Yes,Yes,Yes,No,Yes,Yes,No,No,,,,,,,,,,,,,,Yes,,Yes,WHO European Region,Yes,2012,No,Yes,Yes,,Yes,Yes,Yes,Yes,Yes,Yes,Yes,No,,No,,National,Established,National,Established,Local,Established,Intermediate,Established,National,Established,Intermediate,Pilot,National,Established,International  National  Local,Established,Intermediate,Established,Local,Established,National,Established,Local,Established,,,National,Established
69,Morocco,Yes,2002,No,,Yes,2004,No,,Yes,50-75,Yes,25,Yes,25,Yes,25,Yes,1956,Yes,Yes,50-75,Yes,25,33008,71,7000,6,0.62,89,0.89,119.97,11,55,No,No,Yes,No,No,Yes,Yes,No,No,No,No,Yes,No,Local,Pilot,,,,,,,,,,,,,,,No,No,Yes,Yes,No,No,No,,,,,,,,,,,,,,Yes,No,Yes,WHO Eastern Mediterranean Region,No,,,Yes,No,Yes,Yes,Yes,Yes,No,Yes,Yes,,No,,No,,National,Established,National,Established,National,Pilot,Intermediate,Pilot,,,Local,Pilot,National,Established,,,,,,,,,,,National,Established,National,Pilot
70,Republic of Moldova,Yes,1995,Yes,2004,Yes,2004,No,,Yes,25-50,Yes,25,Yes,25-50,No,0,Yes,1989,Yes,Yes,50-75,Yes,25-50,3487,70,5190,11.8,2.98,65,6.40,101.99,62,43.4,No,No,Yes,Yes,No,No,No,No,Yes,Yes,No,Yes,Yes,National,Pilot,,,National,Established,,,National,Pilot,Yes,No,Yes,No,Yes,Yes,Yes,No,Yes,No,No,Yes,Yes,2014,No,Yes,50-75,Yes,25,Yes,25,Yes,No,No,No,No,No,Yes,Yes,WHO European Region,Yes,2013,No,Yes,No,Yes,Yes,Yes,Yes,No,Yes,Yes,No,No,,No,,National,Established,National,Established,National,Pilot,Regional,Informal,National,Established,,Pilot,National,Established,,,National,Established,,,,,National,Pilot,,,,
71,Madagascar,No,,No,,Yes,2007,No,,No,0,No,0,,0,Yes,0,,,,No,,Yes,25,22925,64,1350,4.2,0.16,149,0.32,39.38,2,2.1,No,No,,No,No,,,No,No,No,No,,No,International,Pilot,International,Pilot,,,,,,,,,,,,,Yes,No,Yes,Yes,No,Yes,No,,,,,,,,,,,,,,,,,WHO African Region,,,,Yes,No,No,Yes,,Yes,Yes,Yes,Yes,Yes,No,,No,,,,,,Intermediate,Pilot,National,Pilot,National,Pilot,Regional,Pilot,Intermediate,Pilot,,,International,Pilot,International,Pilot,National,Pilot,,,National,Pilot,,
72,Maldives,No,,Yes,2011,,,No,,Yes,75,No,0,Yes,25-50,No,0,No,,No,No,,Yes,25,345,78,9890,10.8,1.42,73,5.04,165.63,43,38.9,No,No,No,No,No,No,No,No,Yes,No,No,Yes,Yes,,,,,,,National,Informal,,,,,,,,,No,No,No,Yes,Yes,No,No,,,,,,,,,,,,,,Yes,No,No,WHO South-East Asia Region,No,,,Yes,No,No,Yes,Yes,Yes,Yes,No,Yes,Yes,No,,No,,,,,,,,,,,,,,,,,,,,,,,,,,,,,
73,Mexico,Yes,2006,No,,Yes,2004,No,,Yes,50-75,Yes,25,Yes,25,Yes,25,Yes,2003,No,Yes,25-50,Yes,25,122332,75,16110,6.2,2.10,83,2.53,83.35,16,38.4,No,Yes,Yes,Yes,Yes,Yes,Yes,Yes,Yes,Yes,Yes,Yes,Yes,National,Established,National,Established,Intermediate,Pilot,National,Established,Local,Pilot,Yes,No,Yes,No,No,Yes,Yes,Yes,Yes,Yes,Yes,Yes,Yes,2004,Yes,Yes,25-50,Yes,25-50,Yes,75,Yes,No,Yes,Yes,No,Yes,Yes,Yes,WHO Region of the Americas,Yes,2013,No,Yes,No,Yes,Yes,Yes,Yes,No,Yes,Yes,Yes,No,,Yes,2010,Intermediate,Established,National,Established,National,Established,Local,Pilot,,,,,,,,,,,,,,,Intermediate,Pilot,,,Intermediate,Informal
74,Mali,Yes,2009,Yes,2013,Yes,1998,Yes,2013,Yes,50-75,Yes,0,Yes,25,No,0,No,,Yes,Yes,25,Yes,25,15302,57,1540,7.1,0.08,144,0.43,98.38,1,2.2,No,No,No,No,No,No,No,No,No,No,No,,Yes,National,Pilot,,,National,Pilot,,,,,Yes,No,No,No,No,Yes,Yes,No,Yes,No,No,No,No,,,,,,,,,,,,,,Yes,Yes,Yes,WHO African Region,No,,,Yes,No,Yes,Yes,Yes,Yes,No,No,Yes,No,No,,No,,National,Informal,National,Pilot,National,Informal,Regional,Pilot,National,Pilot,National,Pilot,National,Informal,Regional  National,,National,Pilot,National,Pilot,National,Pilot,,,National,Established,National,Pilot
75,Malta,Yes,1979,No,,No,,No,,Yes,75,No,0,No,0,No,0,,,,Yes,75,Yes,75,429,81,28030,8.7,3.49,24,7.49,126.96,45,70,No,,Yes,Yes,Yes,Yes,Yes,No,Yes,No,No,Yes,Yes,National,Established,,,,,,,National,Established,,,,,,,Yes,No,No,Yes,Yes,No,No,,,,,,,,,,,,,,No,No,No,WHO European Region,No,,,Yes,No,Yes,Yes,,Yes,,Yes,Yes,,No,,No,,National,Established,,,National,Established,National,Established,National,Established,National,Established,National,Established,International,Established,National,Established,International,Established,,,National,Established,,,,
76,Montenegro,Yes,2006,No,,Yes,2015,No,,Yes,25,No,0,No,0,No,0,,,Yes,No,,Yes,25,621,76,14600,6.5,2.11,,5.41,,39,,,,Yes,Yes,Yes,Yes,Yes,No,No,No,No,,,,,,,,,,,,,,,,,,,,,,,,,Yes,2000,Yes,Yes,75,Yes,75,No,,Yes,Yes,Yes,No,No,Yes,Yes,Yes,WHO European Region,No,,,Yes,No,,,No,Yes,Yes,,,Yes,No,,No,,National,Established,Local,Established,,,,,,,,,Local,Informal,,,,,,,,,,,,,,
77,Mongolia,Yes,2008,Yes,2008,Yes,2011,Yes,2008,Yes,25,Yes,25,Yes,75,Yes,25,Yes,2011,No,Yes,25,Yes,25,2839,68,8810,6,2.84,85,3.62,,58,16.4,Yes,Yes,Yes,Yes,Yes,Yes,Yes,Yes,Yes,No,Yes,Yes,Yes,Intermediate,Pilot,,,Intermediate,Pilot,,,,,Yes,Yes,Yes,Yes,Yes,Yes,Yes,No,Yes,Yes,No,Yes,Yes,2004,Yes,Yes,25,Yes,25-50,Yes,50-75,Yes,No,Yes,Yes,Yes,Yes,Yes,Yes,WHO Western Pacific Region,Yes,2010,Yes,Yes,Yes,Yes,Yes,Yes,Yes,Yes,Yes,Yes,Yes,Yes,2005,Yes,2010,National  Intermediate  Local,Established,National  Intermediate  Local Informal,Established,Local,Informal,,,National,Established,,,Intermediate  Local,Informal,,,,,Local,Informal,,,,,,,,
78,Mauritania,No,,No,,Yes,2013,No,,Yes,50-75,No,0,Yes,25-50,No,0,No,,Yes,Yes,25,Yes,25,3890,63,2850,3.8,0.13,133,0.67,106.00,4,5.4,No,No,Yes,No,No,No,No,No,No,No,No,Yes,Yes,International,Pilot,,,International,Pilot,,,,,Yes,No,Yes,No,No,No,No,No,No,No,No,No,No,,,,,,,,,,,,,,Yes,Yes,No,WHO African Region,No,,,No,No,No,No,No,No,No,No,No,No,No,,No,,National,Pilot,,,,,International,Pilot,National,Informal,,,National,Informal,National,Pilot,,,,,,,National,Informal,National,Pilot,National,Pilot
79,Malawi,Yes,2014,Yes,2003,Yes,2003,No,,Yes,25,Yes,25,Yes,50-75,Yes,25,No,,No,Yes,25,Yes,25,16363,60,750,8.3,0.02,145,0.34,29.21,13,4.4,No,No,No,No,No,No,No,No,No,No,No,Yes,Yes,National,Established,,,,,,,,,Yes,No,No,Yes,No,Yes,,,,,,,Yes,2009,No,Yes,25,Yes,25,Yes,25,,,,,,Yes,Yes,Yes,WHO African Region,No,,,Yes,,Yes,Yes,Yes,Yes,Yes,Yes,Yes,Yes,No,,No,,National,Established,Intermediate,Established,Local,Pilot,Local,Established,Local,Pilot,,,Intermediate,Informal,International,Informal,National,Established,International  Regional,Informal,All,Established,,,National  Intermediate,Established,Intermediate,Informal
80,Malaysia,Yes,1957,Yes,2006,Yes,1980,Yes,1997,Yes,50-75,Yes,25-50,Yes,25,Yes,25,Yes,1957,Yes,Yes,75,Yes,50-75,29717,74,22460,4,1.20,59,3.28,141.33,18,65.8,Yes,Yes,Yes,Yes,Yes,Yes,Yes,Yes,Yes,Yes,Yes,Yes,No,National,,National,Established,,,,,Local,Pilot,,,,,,,Yes,Yes,No,Yes,No,No,Yes,2003,No,Yes,25,Yes,25,Yes,25,Yes,No,No,No,No,Yes,Yes,,WHO Western Pacific Region,Yes,,No,Yes,Yes,Yes,Yes,Yes,Yes,Yes,Yes,Yes,,Yes,2014,Yes,2014,National,Established,National  Intermediate  Local,Established,Intermediate  Local,Established,National,Established,National,Informal,Local,Pilot,National,Established,National,Established,National,Established,National,Established,Local,Established,Local,Pilot,National,Established,National,Informal
81,Niger,Yes,2012,No,,Yes,2013,No,,Yes,50-75,No,0,,25,Yes,0,No,,No,Yes,25-50,Yes,25-50,17831,59,910,6.5,0.02,157,0.14,31.45,3,1.4,No,No,Yes,Yes,No,No,No,No,No,No,No,,,National,Informal,National,Informal,National  Intermediate,Informal,National,Informal,National,Informal,Yes,No,Yes,Yes,No,No,Yes,No,Yes,Yes,No,Yes,No,,,No,,No,,No,,No,No,No,No,No,Yes,Yes,Yes,WHO African Region,,,,Yes,No,No,Yes,Yes,Yes,Yes,Yes,No,No,No,,No,,Reg  Nat  Intm,Established,National,Established,Reg  Nat  Intm,Informal,All,Informal,Reg  Nat  Intm  Loc,Established,Reg  Nat  Intm  Loc,Informal,International  National,Informal,Intl  Reg  Nat,Informal,,,International  National,Established,International  National,Informal,National,Informal,National  Intermediate  Local,Established,National  Intermediate  Local,Established
82,Netherlands,Yes,2006,Yes,2012,No,,No,,Yes,75,Yes,25,Yes,25,Yes,25,,,Yes,Yes,50-75,Yes,50-75,16759,81,43210,12.9,3.15,7,0.16,117.97,47,93,Yes,Yes,Yes,Yes,Yes,No,Yes,No,Yes,Yes,Yes,Yes,Yes,Intermediate,Established,Intermediate,Established,National,Established,National,Established,Local,Established,Yes,Yes,Yes,Yes,Yes,Yes,Yes,Yes,Yes,Yes,Yes,Yes,No,,,,,,,,,,,,,,Yes,Yes,Yes,WHO European Region,Yes,2010,,Yes,Yes,Yes,Yes,Yes,Yes,Yes,Yes,Yes,Yes,No,,No,,National,Established,National,Established,Local,Established,Local,Established,National,Established,Local,Pilot,National,Established,National,Established,Local,Established,International,,Local,Established,Local,Established,Local,Pilot,National,Established
83,Norway,Yes,1967,Yes,1996,Yes,,Yes,,Yes,75,Yes,25,No,0,No,0,Yes,,Yes,Yes,25,Yes,25-50,5043,82,66520,9.6,4.28,6,17.27,116.68,33,95,Yes,Yes,Yes,Yes,Yes,No,No,No,No,No,No,Yes,Yes,Regional  Intermediate,Established,Regional  Local Pilot,Established,Regional,,Regional Informal  Pilot,Established,Regional  Intermediate  Local Informal,Pilot,Yes,Yes,Yes,Yes,Yes,Yes,Yes,Yes,Yes,Yes,Yes,Yes,Yes,1981,Yes,Yes,75,Yes,75,Yes,75,Yes,Yes,Yes,Yes,Yes,Yes,Yes,Yes,WHO European Region,No,,,Yes,No,Yes,Yes,Yes,Yes,Yes,Yes,Yes,Yes,No,,No,,National,,,,Regional  Local,,Local,,,,,,National,,National,,,,National  Local,,,,Local,,,,,
84,New Zealand,Yes,1993,Yes,2010,No,,No,,Yes,25,Yes,25,No,0,Yes,25,Yes,1972,Yes,Yes,25-50,Yes,75,4506,82,30750,9.7,2.74,16,10.87,110.36,23,89.5,Yes,Yes,Yes,Yes,No,No,Yes,Yes,Yes,No,Yes,Yes,Yes,International  Regional,Established,Local,Pilot,,,Regional  Local,Established,Local,Pilot,Yes,Yes,Yes,Yes,Yes,Yes,Yes,Yes,Yes,Yes,Yes,Yes,No,,,,,,,,,,,,,,Yes,Yes,Yes,WHO Western Pacific Region,Yes,2012,No,Yes,No,Yes,Yes,Yes,Yes,Yes,Yes,,Yes,No,,No,,National,Established,National  Intermediate  Local,Established,Local,Established,Local,Pilot,Regional  National  Local,Established,Intermediate  Local,Pilot,National  Intermediate  Local,Established,National  Local,Established,All,Established,National  Intermediate  Local,Established,International  National  Local,Established,Local,Informal,Local,Pilot,Local,Informal
85,Oman,Yes,,No,,Yes,2001,No,,Yes,25,No,0,No,0,Yes,0,Yes,2005,Yes,Yes,50-75,Yes,50-75,3632,76,52170,2.6,2.43,54,5.38,159.25,18,60,No,No,Yes,No,No,No,No,No,No,No,No,Yes,Yes,National,Established,,,,,,,,,Yes,Yes,Yes,Yes,Yes,No,Yes,Yes,Yes,Yes,Yes,Yes,Yes,1997,Yes,Yes,75,Yes,75,Yes,75,Yes,Yes,Yes,Yes,Yes,Yes,Yes,No,WHO Eastern Mediterranean Region,Yes,2014,No,Yes,No,Yes,Yes,Yes,Yes,Yes,No,Yes,,No,,No,,National,Established,National,Established,National,Established,,,National,Pilot,,,National,Established,National,Established,National,Pilot,National,Established,National,Established,National,Established,National,Established,National,Established
86,Pakistan,Yes,2014,No,,Yes,2013,No,,Yes,25-50,No,0,Yes,25,No,0,Yes,2013,Yes,Yes,25-50,Yes,25-50,182143,66,4920,2.8,0.83,129,0.57,67.06,6,10,No,No,No,No,No,No,,No,No,No,No,Yes,Yes,Local,Informal,Intermediate  Local Informal,Pilot,Local,Informal,Local,Informal,Intermediate,Pilot,Yes,No,Yes,No,No,Yes,,,,,,,Yes,2013,Yes,Yes,25-50,Yes,25-50,Yes,25-50,Yes,No,Yes,No,No,Yes,No,Yes,WHO Eastern Mediterranean Region,No,,,Yes,No,Yes,Yes,Yes,Yes,Yes,No,Yes,Yes,Yes,2013,No,,Intermediate,Established,National,Established,National  Intermediate,Established,Intermediate,Established,National  Intermediate,Established,Intermediate,Established,National  Intermediate,Established,Intermediate,Established,National  Intermediate,Established,Reg  Nat  Intm  Loc,Established,National  Intermediate,Established,Intermediate,Established,National  Intermediate,Established,National  Intermediate,Established
87,Panama,Yes,2014,No,,Yes,,No,,Yes,75,No,0,Yes,25,No,0,No,,No,No,,Yes,25,3864,77,19290,7.2,1.65,70,1.40,178.03,22,45.2,No,No,Yes,No,No,No,No,No,No,No,No,Yes,Yes,National,Established,,,,,,,,,Yes,Yes,Yes,Yes,Yes,No,No,No,No,No,No,No,Yes,2012,No,Yes,25-50,Yes,25,Yes,25,Yes,No,Yes,Yes,Yes,Yes,No,Yes,WHO Region of the Americas,No,,,Yes,No,Yes,Yes,Yes,Yes,No,No,Yes,Yes,No,,No,,National,Pilot,National,Pilot,National,Established,National,Established,,,Intermediate,Informal,,,National,Informal,,,,,Intermediate,Informal,,,National,Established,,
88,Peru,Yes,2010,No,,Yes,2013,Yes,2005,No,0,No,0,No,0,No,0,No,,No,Yes,25-50,Yes,25,30376,77,11360,5.3,1.13,92,1.51,,15,38.2,Yes,Yes,Yes,Yes,Yes,No,No,Yes,Yes,No,Yes,Yes,Yes,Intermediate  Local,Informal,Local,Informal,Intermediate  Local,Informal,,,,,Yes,Yes,No,Yes,No,No,Yes,Yes,No,Yes,No,No,Yes,2015,Yes,No,,Yes,25,Yes,25,Yes,Yes,Yes,Yes,No,No,No,Yes,WHO Region of the Americas,No,,,Yes,No,No,Yes,Yes,Yes,No,Yes,Yes,Yes,No,,No,,National  Local,Established,National  Intermediate,Established,Local,Established,,,,,Local,Pilot,,,National,Established,National,,,,,,,,,,Intermediate,Established
89,Philippines,Yes,1998,Yes,2013,Yes,2007,No,,Yes,75,Yes,25,Yes,25,Yes,25,No,,No,Yes,75,Yes,25,98394,69,7820,4.4,1.15,98,6.00,106.51,5,36.2,No,No,Yes,Yes,No,No,No,No,No,No,Yes,Yes,Yes,International,Established,Intermediate,Established,Local,Established,International,Informal,,,Yes,No,Yes,Yes,No,Yes,Yes,No,No,No,No,No,No,,,,,,,,,,,,,,No,Yes,No,WHO Western Pacific Region,No,,,Yes,No,Yes,Yes,Yes,Yes,Yes,Yes,Yes,Yes,No,,No,,,,Local,Pilot,National  Intermediate,Pilot,Regional,Pilot,National,Established,Local,Pilot,National,Pilot,International  National,Established,Local,Established,Local,Informal,,,Local,Informal,National Pilot,Established,Regional,Informal
90,Poland,Yes,2004,Yes,2011,Yes,2011,No,,Yes,75,Yes,25,,,,,Yes,2013,Yes,Yes,50-75,Yes,25-50,38217,77,22300,6.7,2.22,37,6.16,140.34,67,65,No,Yes,Yes,Yes,Yes,No,No,No,No,No,No,Yes,,Intermediate,Established,,,Local,Pilot,,,Local,Pilot,Yes,Yes,Yes,Yes,Yes,Yes,Yes,Yes,Yes,Yes,Yes,Yes,No,,,,,,,,,,,,,,Yes,No,No,WHO European Region,No,,,Yes,No,Yes,Yes,No,Yes,Yes,,Yes,Yes,No,,No,,,,,,National,Established,Local,Informal,,,,,,,Local,Informal,,,,,Local,Pilot,Local,Pilot,,,,
91,Democratic People s Republic of Korea,Yes,1952,Yes,2014,Yes,2008,Yes,2008,Yes,,No,0,Yes,25,No,,Yes,,,Yes,,Yes,,24895,70,,,3.29,1,4.12,6.87,132,,No,Yes,Yes,Yes,No,,,No,,,,Yes,,National,,,,,,,,National,,Yes,Yes,Yes,No,Yes,Yes,Yes,Yes,Yes,No,Yes,Yes,No,,,,,,,,,,,,,,No,,Yes,WHO South-East Asia Region,Yes,,Yes,Yes,Yes,Yes,Yes,Yes,Yes,Yes,Yes,Yes,Yes,Yes,,,,,,,,,,,,,,,,,,,,,,,,,,,,,,,
92,Portugal,Yes,1979,No,,Yes,2013,Yes,2013,Yes,50-75,Yes,25,Yes,25,No,0,,,,Yes,25,Yes,25,10608,81,25360,9.7,4.10,36,6.11,116.11,33,64,Yes,Yes,Yes,Yes,Yes,Yes,,Yes,Yes,Yes,No,Yes,Yes,National,Established,National,Established,Regional,Established,,,National,Pilot,Yes,Yes,Yes,Yes,Yes,Yes,No,No,No,No,No,No,Yes,2012,Yes,Yes,75,Yes,75,Yes,25,Yes,No,Yes,No,No,Yes,Yes,Yes,WHO European Region,No,,,Yes,Yes,Yes,Yes,Yes,Yes,Yes,Yes,Yes,Yes,No,,No,,National,Established,National,Established,National,Established,,,National,Established,,,National,Established,National,Established,National,Informal,,,Local,Pilot,National,Pilot,,,National,Established
93,Paraguay,Yes,2015,Yes,2015,Yes,1996,Yes,2014,No,0,Yes,25-50,Yes,25-50,Yes,25-50,Yes,2010,No,Yes,25,Yes,25,6802,75,7640,9,1.23,103,1.00,,13,27.1,Yes,Yes,Yes,Yes,Yes,Yes,Yes,No,Yes,Yes,,Yes,Yes,National,Established,,,,,,,,,No,Yes,No,No,No,Yes,Yes,Yes,Yes,Yes,Yes,Yes,Yes,2010,Yes,Yes,50-75,Yes,25-50,Yes,25,No,Yes,Yes,No,No,Yes,Yes,Yes,WHO Region of the Americas,No,,,Yes,No,Yes,Yes,Yes,Yes,Yes,Yes,Yes,No,No,,No,,National,Established,National,Established,National,Established,National,Established,National,Established,,,National,Established,National,Established,National,Established,National,Established,National,Established,National,Established,,,National,Established
94,Qatar,Yes,2011,Yes,2015,No,,No,,Yes,75,,0,,0,Yes,25,,,Yes,,,Yes,25-50,2169,79,123860,2.2,7.74,31,11.87,126.86,12,88.1,No,Yes,No,No,No,No,No,No,No,No,,Yes,Yes,,,,,,,,,,,Yes,Yes,Yes,Yes,Yes,Yes,Yes,Yes,Yes,Yes,Yes,Yes,No,,,,,,,,,,,,,,Yes,Yes,,WHO Eastern Mediterranean Region,,,,Yes,No,,Yes,No,Yes,Yes,,,,No,,No,,National,Established,National,Established,National,Pilot,,,,,Intermediate,Pilot,National,Established,,,,,,,,,,,Local,Informal,,
95,Romania,,,,,,,,,,,,,,,,,,,,,,,,21699,74,18060,5.3,2.45,55,5.62,104.99,66,50,Yes,,Yes,Yes,No,Yes,Yes,Yes,Yes,No,Yes,Yes,,,,,,,,,,,,,,,,,,,,,,,,Yes,2014,Yes,Yes,25-50,Yes,25,Yes,25,No,No,Yes,No,No,Yes,No,Yes,WHO European Region,,,,,,,,,,,,,,No,,No,,,,,,,,,,,,,,,,,,,,,,,,,,,,,
96,Russian Federation,Yes,1991,Yes,2013,Yes,2011,Yes,2008,Yes,75,Yes,25,Yes,25,Yes,25,Yes,1991,Yes,Yes,50-75,Yes,50-75,142834,69,23200,6.5,,40,,182.92,97,53.3,,Yes,Yes,Yes,No,No,Yes,No,No,No,No,Yes,Yes,Intermediate,Established,National,Informal,National,Pilot,National,Informal,Intermediate,Pilot,,,,,,,No,No,No,No,No,Yes,Yes,2013,No,Yes,50-75,Yes,25,Yes,25,Yes,Yes,Yes,No,No,Yes,Yes,Yes,WHO European Region,Yes,2010,No,Yes,Yes,Yes,Yes,No,Yes,Yes,Yes,,,No,,No,,National,Established,Intermediate  Local,Pilot,Intermediate Pilot,Established,National  Intermediate Pilot,Established,National,Established,Local,Informal,Intermediate  Local,Pilot,International  Regional   National,Informal,National Pilot,Established,National,Pilot,National,Informal,Intermediate,Pilot,Local,Pilot,National,Established
97,Rwanda,,,Yes,2015,No,,No,,Yes,25-50,No,0,Yes,25-50,Yes,25,Yes,2015,Yes,Yes,25,Yes,25,11777,65,1430,11.1,0.06,141,0.69,49.67,16,8,,,,,,,,,,,,,,Intermediate,Established,,,,,,,Intermediate,Pilot,Yes,No,Yes,Yes,No,Yes,Yes,No,Yes,Yes,No,No,,,,No,,No,,No,,No,No,No,No,No,,,,WHO African Region,,,,,,,,,,,,,,,,,,National,Established,National,Established,National,Established,,,National,Established,,,National,Established,,,National,Established,,,National,Established,National,Established,,,National,Established
98,Sudan,Yes,2012,Yes,2005,Yes,2012,No,,Yes,25-50,Yes,25,Yes,25,Yes,25,,,Yes,No,,No,,37964,63,2370,6.5,0.28,119,0.84,74.36,7,21,Yes,No,Yes,,No,No,No,No,No,No,No,Yes,Yes,National,Pilot,,,,,,,,,,,,,,,No,No,Yes,No,No,No,No,,,,,,,,,,,,,,Yes,Yes,Yes,WHO Eastern Mediterranean Region,No,,,Yes,No,No,Yes,Yes,,,No,,,No,,No,,National  Intermediate,Established,National  Intermediate,Established,,,Intermediate,Established,National,Established,,,National,Established,,,,,,,Intermediate,Established,,,National,Established,,
99,Senegal,Yes,2013,No,,No,,No,,Yes,25,Yes,25,Yes,25,Yes,25,No,,No,Yes,50-75,Yes,25,14133,64,2240,4.2,0.06,124,0.42,83.57,3,19.2,No,No,Yes,No,No,No,Yes,No,No,No,Yes,Yes,Yes,Intermediate,Established,Local,Established,National,Established,,,International  Local,Pilot,Yes,Yes,Yes,No,Yes,No,Yes,Yes,Yes,Yes,Yes,Yes,No,,,,,,,,,,,,,,Yes,Yes,Yes,WHO African Region,Yes,2013,No,Yes,No,Yes,Yes,Yes,Yes,No,Yes,Yes,Yes,No,,No,,Local,Pilot,International,Established,Regional  National  Local,Pilot,Local Informal,Pilot,National,Established,International  Local,Pilot,National,Established,International  Local Pilot,Established,Intermediate  Local Pilot,Established,International  National,Established,Local Informal,Pilot,Local,Pilot,National,Established,National Pilot,Established
100,Singapore,Yes,,Yes,2003,Yes,2009,Yes,2014,Yes,75,No,0,No,0,No,0,Yes,,Yes,Yes,50-75,Yes,75,5412,83,76850,4.6,1.95,15,5.76,152.13,31,74.2,No,Yes,Yes,Yes,Yes,Yes,Yes,Yes,Yes,No,No,Yes,,International,Established,Intermediate,Established,Intermediate,Established,Intermediate,Informal,Local,Pilot,Yes,Yes,No,Yes,Yes,No,Yes,No,No,No,No,No,Yes,2011,No,Yes,50-75,Yes,50-75,Yes,50-75,Yes,Yes,Yes,Yes,No,Yes,Yes,Yes,WHO Western Pacific Region,Yes,,Yes,Yes,No,Yes,Yes,Yes,Yes,Yes,Yes,Yes,Yes,No,,No,,National,Established,Intermediate,Established,Intermediate,Established,Intermediate,Established,National,Established,Intermediate,Established,National,Established,Intermediate,Established,National,Established,National,Established,Local,Informal,Intermediate,Established,National,Established,Intermediate,Informal
101,El Salvador,Yes,2009,No,,Yes,2010,No,,Yes,25,No,0,Yes,75,No,0,No,,No,No,,Yes,25,6340,73,7490,6.9,1.60,100,0.41,137.34,10,25.5,No,No,Yes,No,No,No,No,No,No,No,No,Yes,Yes,Local,Informal,,,,,,,,,Yes,No,Yes,No,No,Yes,Yes,No,Yes,Yes,No,No,Yes,2009,No,Yes,25,Yes,25,Yes,25,Yes,No,Yes,Yes,No,No,Yes,Yes,WHO Region of the Americas,No,,,Yes,No,Yes,Yes,Yes,No,No,Yes,Yes,,No,,No,,National,Pilot,National,Pilot,National,Informal,,,,,,,,,International,Pilot,,,National,Established,,,Local,Informal,,,,
102,San Marino,Yes,1955,Yes,1990,No,,No,,No,,No,,No,,No,,No,,No,No,,No,,31,83,,6.5,5.10,,8.83,115.21,,50.9,No,Yes,Yes,No,No,No,No,No,No,No,No,Yes,Yes,,,,,,,,,,,,,,,,,,,,,,,Yes,1990,No,Yes,75,Yes,75,Yes,75,Yes,Yes,Yes,Yes,No,No,Yes,Yes,WHO European Region,No,,,,,,,,,,,,,Yes,2006,No,,,,,,,,,,,,,,,,,,,,,,,,,,,,,
103,Somalia,Yes,2014,No,,Yes,2012,No,,No,0,No,0,No,0,No,0,,,,,,No,,10496,54,,,0.04,,0.11,22.56,,1.4,No,,Yes,Yes,,,,No,No,No,No,No,,,,,,,,,,,,Yes,No,Yes,Yes,No,No,Yes,No,Yes,Yes,No,No,No,,,,,,,,,,,,,,No,,Yes,WHO Eastern Mediterranean Region,No,,,Yes,,,,,Yes,,,,,,,,,,,,,,,,,,,,,,,,,,,,,,,,,,,,
104,Serbia,No,,,,Yes,2009,No,,Yes,25,No,0,Yes,25,,0,No,,No,No,,No,,9511,75,12020,10.6,2.11,56,,117.85,54,48.1,No,No,Yes,No,No,No,No,No,No,No,No,No,No,,,,,,,,,,,,,,,,,,,,,,,No,,,,,,,,,,,,,,No,No,Yes,WHO European Region,No,,,No,No,No,No,No,No,No,No,Yes,Yes,No,,No,,,,,,,,,,,,,,,,,,,,,,,,,,,,,
105,South Sudan,Yes,2012,No,,No,,No,,No,0,No,0,Yes,25,No,0,No,,No,No,,No,,11296,56,2190,2.2,,,,21.22,,,No,No,No,No,No,No,No,No,No,No,No,No,,,,,,,,,,,,,,,,,,,,,,,,No,,,,,,,,,,,,,,No,No,No,WHO African Region,No,,,No,No,No,No,No,No,No,No,No,No,No,,No,,,,Intermediate  Local,Pilot,,,,,,,,,National  Intermediate  Local,Established,,,,,,,,,,,,,,
106,Slovenia,Yes,,No,,No,,No,,Yes,75,No,0,No,0,No,0,Yes,,No,Yes,50-75,Yes,50-75,2072,80,28130,9.2,,28,,108.61,46,70,Yes,No,Yes,Yes,Yes,,Yes,Yes,Yes,No,Yes,Yes,Yes,National,,,,,,,,Local,Pilot,Yes,Yes,Yes,Yes,Yes,Yes,Yes,Yes,Yes,Yes,Yes,Yes,No,,,,,,,,,,,,,,Yes,Yes,Yes,WHO European Region,No,,,Yes,No,No,Yes,Yes,Yes,Yes,Yes,Yes,Yes,Yes,,Yes,,Intermediate,Established,,,Local,,,,,,Local,Pilot,,,National,Established,Local,Pilot,Local,Informal,,,Local,Pilot,,,Local,Pilot
107,Sweden,No,,Yes,2010,No,,No,,Yes,75,No,0,,0,Yes,25,No,,Yes,Yes,75,Yes,75,9571,82,44760,9.7,3.93,2,0.74,124.57,28,94,Yes,,Yes,Yes,Yes,No,,Yes,Yes,Yes,Yes,,,International  Regional   National,Established,Intermediate  Local Pilot,Established,Intermediate,Established,National  Intermediate Pilot,Established,International  Intermediate Pilot,Established,Yes,Yes,Yes,Yes,Yes,Yes,Yes,Yes,Yes,Yes,Yes,Yes,No,,,,,,,,,,,,,,Yes,Yes,Yes,WHO European Region,No,,,Yes,,Yes,Yes,,Yes,Yes,Yes,Yes,Yes,No,,No,,International,Established,National,Established,National  Intermediate,Established,National  Intermediate,Established,International  National   Intermediate,Established,Intermediate,Established,National,Established,National,Established,Intermediate,Established,National,Established,National  Intermediate,Established,Intermediate,Established,Intermediate,Established,Intermediate,Established
108,Seychelles,No,,No,,Yes,2013,No,,Yes,0,Yes,0,Yes,0,No,0,No,,No,Yes,75,No,,93,74,23270,4,1.07,64,4.81,147.80,36,47.1,No,Yes,Yes,Yes,Yes,Yes,No,Yes,Yes,No,No,Yes,Yes,International  National   Intermediate,Informal,International  National   Intermediate,Informal,International  National   Intermediate,Informal,,,,,,,,,,,,,,,,,No,,,,,,,,,,,,,,No,No,No,WHO African Region,No,,,Yes,No,Yes,Yes,Yes,Yes,Yes,Yes,No,Yes,No,,No,,,,National,Informal,National,Informal,International  National,Informal,National,Informal,,,National,Informal,International  National,Informal,International  National,Informal,International  National,,,,,,National,Informal,International  National,Informal
109,Syrian Arab Republic,Yes 75  19,,No,,Yes,1990,No,,No,0,No,0,Yes,25,No,0,,,,No,,Yes,25,21898,76,,3.3,1.46,102,1.87,59.30,15,24.3,No,No,Yes,No,No,No,No,No,No,No,No,Yes,Yes,,,,,,,,,,,,,,,,,,,,,,,No,,,,,,,,,,,,,,Yes,No,Yes,WHO Eastern Mediterranean Region,No,,,No,No,No,No,No,Yes,No,No,No,No,No,,No,,National,Established,National,Established,National,Established,,,National,Established,,,National,Established,International,Established,,,,,,,,,,,National,Established
110,Tajikistan,Yes,2010,,,Yes,2011,No,,Yes,25-50,No,0,Yes,25-50,No,0,,,Yes,Yes,25-50,Yes,25,8208,69,2500,6.8,1.92,,5.02,81.51,52,14.5,No,Yes,Yes,No,No,No,No,No,No,No,No,Yes,,,,,,,,,,Regional  National,Informal,Yes,Yes,Yes,Yes,No,No,Yes,Yes,Yes,Yes,No,Yes,Yes,2013,No,Yes,25,Yes,25,Yes,25,Yes,Yes,No,No,No,No,Yes,Yes,WHO European Region,,,,,Yes,Yes,Yes,Yes,Yes,Yes,Yes,Yes,Yes,No,,No,,Regional,Established,Regional  National,Informal,Regional,Established,Regional  National,Established,Regional  National,Established,Regional,Established,Regional  National,Established,Regional,Informal,Regional  National,Informal,Regional  National,Informal,Regional  National,Informal,Regional  National,Established,Regional  National,Established,Regional,Informal
111,Turkmenistan,Yes,2010,Yes,2010,Yes,2010,Yes,2006,Yes,50-75,,,,,,,No,,Yes,Yes,50-75,Yes,50-75,5240,64,12920,2,4.18,,9.04,76.42,40,7.2,Yes,Yes,Yes,No,No,No,Yes,No,No,,Yes,,,National,Pilot,National,Pilot,National,Pilot,,,,,Yes,No,No,No,No,No,Yes,No,Yes,No,No,No,Yes,2010,Yes,Yes,25-50,Yes,25-50,Yes,25-50,Yes,Yes,No,Yes,Yes,No,No,No,WHO European Region,No,,,No,No,No,No,No,No,No,No,No,No,,,,,,,,,,,Intl  Reg  Nat,,Intl  Reg  Nat,,,,National,,Intl  Reg  Nat,,Regional  National,,,,Regional  National,,National,,National,,,
112,Timor-Leste,Yes,2010,No,,Yes,2012,No,,Yes,,Yes,,Yes,,Yes,,,,,No,,No,,1133,67,6410,1.3,0.07,,1.11,55.74,59,0.9,No,No,No,No,No,No,No,No,No,No,No,Yes,,,,,,,,,,,,,,,,,,,,,,,,Yes,,No,No,,No,,Yes,25,Yes,No,No,No,No,No,Yes,No,WHO South-East Asia Region,,,,Yes,,,Yes,,Yes,Yes,,,,,,,,National,Established,National,Established,Intermediate,Established,,,National,Established,,,Intermediate,Established,,,,,,,,,,,Local,Pilot,,
113,Trinidad and Tobago,Yes,,Yes,,Yes,,No,,Yes,25,,,Yes,25,,0,,,No,Yes,25,Yes,25,1341,71,26210,5.5,1.18,66,3.56,140.84,26,59.5,Yes,Yes,Yes,Yes,No,No,No,No,Yes,,Yes,Yes,,International,Informal,,,,,,,,,,,,,,,No,No,No,No,No,No,No,,,,,,,,,,,,,,,No,,WHO Region of the Americas,No,,,Yes,No,Yes,Yes,Yes,Yes,Yes,Yes,Yes,Yes,No,,No,,National,Established,,,Local,Informal,Local,Informal,National,Pilot,Intermediate,Informal,Local,Informal,International,Established,Intermediate,Pilot,International,Established,International,Established,Local,Informal,National,Pilot,,
114,Tunisia,,,,,No,,,,,75,,,,,,0,,,,,,,,10997,76,10960,7.1,1.22,91,3.28,118.08,21,41.4,,,,,,,,,,,,,,,,,,,,,,,,No,No,No,No,No,No,No,No,No,No,No,No,,,,No,,No,,No,,No,No,No,No,No,,,,WHO Eastern Mediterranean Region,,,,,,,,,,,,,,,,,,,,,,,,,,,,,,,,,,,,,,,,,,,,,
115,Turkey,Yes,2013,No,,No,,No,,Yes,25,No,0,No,0,No,0,No,,No,Yes,,,,74933,75,18760,5.6,1.71,69,2.40,91.46,25,45.1,Yes,Yes,Yes,Yes,Yes,Yes,Yes,Yes,Yes,Yes,Yes,,,National,Established,National,Pilot,National,Pilot,National,Pilot,National,Pilot,,,,,,,,,,,,,Yes,2008,Yes,Yes,75,Yes,75,Yes,75,Yes,Yes,Yes,Yes,Yes,Yes,Yes,Yes,WHO European Region,,,,Yes,Yes,Yes,Yes,Yes,Yes,Yes,Yes,Yes,Yes,,,,,National,Established,National,Established,National,Pilot,National,Pilot,National,Established,National,Established,National,Pilot,National,Established,National,Established,National,Pilot,National,Established,National,Established,National,Established,National,Established
116,Uganda,Yes,2000,Yes,2012,Yes,2009,No,,Yes,25,No,0,Yes,25,No,0,Yes,2000,No,Yes,50-75,Yes,25,37579,59,1370,9.8,0.12,130,1.31,45.00,5,14.7,No,Yes,Yes,Yes,No,No,Yes,No,No,No,No,Yes,Yes,National,Established,National,Established,National,Established,National,Pilot,Local,Pilot,Yes,Yes,Yes,Yes,Yes,No,Yes,Yes,Yes,Yes,Yes,Yes,No,,,,,,,,,,,,,,Yes,Yes,Yes,WHO African Region,Yes,2008,Yes,Yes,No,No,Yes,No,Yes,Yes,Yes,Yes,Yes,No,,No,,Intermediate,Pilot,Local,Pilot,National,Pilot,Local,Informal,Regional,Established,Intermediate,Pilot,National,Pilot,All,Established,Local,Established,All,Established,Local,Established,Local,Established,Regional  National,Established,International  Regional   National,Established
117,Ukraine,Yes,1993,Yes,2013,Yes,2012,No,,Yes,25,Yes,25,Yes,25,Yes,0,Yes,2012,No,Yes,75,Yes,25-50,45239,71,8960,7.8,3.54,68,7.67,130.34,87,33.7,No,No,Yes,Yes,No,No,No,No,No,No,No,No,No,Local,Pilot,Intermediate,Pilot,Regional,Pilot,Intermediate,Informal,Local,Informal,Yes,No,Yes,No,Yes,Yes,Yes,Yes,Yes,No,Yes,Yes,No,,,,,,,,,,,,,,Yes,Yes,Yes,WHO European Region,No,,,No,No,No,No,No,Yes,No,No,No,No,No,,No,,Regional  Local Pilot,Established,Local Informal,Pilot,Local,Informal,Intermediate,Informal,National,Established,Local,Informal,Local,Informal,National,Established,Intermediate,Pilot,Intermediate,Informal,Intermediate,Informal,Intermediate,Informal,Intermediate,Informal,Intermediate,Pilot
118,Uruguay,Yes,2007,Yes,2012,No,,Yes,2014,Yes,25-50,No,0,Yes,50-75,No,0,,,,Yes,25,Yes,50-75,3407,77,18930,8.8,3.74,47,5.55,147.13,12,55.1,Yes,Yes,Yes,Yes,Yes,No,Yes,Yes,Yes,Yes,No,Yes,Yes,National,Pilot,Local,Informal,,,,,Local,Pilot,Yes,Yes,Yes,Yes,Yes,Yes,Yes,Yes,Yes,Yes,Yes,Yes,Yes,2014,Yes,Yes,25,Yes,25,Yes,25,Yes,No,Yes,Yes,No,Yes,Yes,Yes,WHO Region of the Americas,No,,,Yes,Yes,Yes,Yes,,Yes,No,No,Yes,Yes,No,,,,National,Established,National,Established,National,Established,National,Informal,,,,,National,Established,International,Established,National,Established,National,Established,Local,Informal,,,National,Pilot,,
119,United States of America,No,,Yes,2005,Yes,2015,No,,Yes,,Yes,,No,,No,,,,Yes,Yes,25,Yes,25,320051,79,53960,17.1,2.45,17,9.82,95.45,30,81,Yes,Yes,Yes,Yes,Yes,No,Yes,Yes,Yes,No,No,Yes,No,Intermediate,,Intermediate,,Intermediate,,Intermediate,,Intermediate,,,,,,,,,,,,,,No,,,,,,,,,,,,,,Yes,,,WHO Region of the Americas,No,,,Yes,,Yes,Yes,Yes,Yes,Yes,,Yes,Yes,No,,No,,National,Established,National,Established,,,National,Established,,,,,,,,,National,Established,National,Established,National,Established,National,Established,,,,
120,Uzbekistan,Yes,1996,Yes,2009,Yes,2013,Yes,2011,Yes,50-75,Yes,25,Yes,25-50,Yes,25,,,Yes,Yes,75,Yes,25,28934,69,5340,6.1,2.53,104,11.94,71.03,46,36.5,No,Yes,Yes,No,Yes,Yes,No,Yes,Yes,No,No,Yes,Yes,Local,Informal,Local,Informal,National,Established,,,Intermediate,Pilot,Yes,Yes,Yes,Yes,Yes,No,Yes,No,Yes,No,Yes,No,Yes,2015,No,Yes,25,Yes,25,Yes,25-50,Yes,Yes,Yes,Yes,Yes,No,Yes,Yes,WHO European Region,No,,,Yes,No,Yes,Yes,No,Yes,Yes,Yes,,Yes,Yes,2013,,,National,Established,National,Pilot,Local,Informal,Intermediate,Pilot,,,Local,Informal,,,National,Established,National,Pilot,National,Pilot,Intermediate,Pilot,Intermediate,Pilot,Local,Informal,Intermediate,Pilot
121,Viet Nam,Yes,2013,Yes,2006,,,No,,Yes,25,Yes,25,Yes,25,Yes,25,No,,Yes,Yes,25,Yes,25,91680,76,5030,6,1.19,88,1.24,147.66,31,39.5,Yes,No,No,No,No,No,No,No,No,No,No,,Yes,National,Established,Intermediate,Established,International  National,Established,,,,,Yes,Yes,Yes,Yes,Yes,Yes,,,,,,,No,,,,,,,,,,,,,,Yes,Yes,Yes,WHO Western Pacific Region,No,,,,,,,,Yes,Yes,Yes,,Yes,No,,Yes,2015,International  National,Established,International  National,Established,,,,,National,Established,,,,,,,National,Pilot,,,,,,,,,National,Established
122,South Africa,Yes,,Yes,2012,Yes,2011,No,,Yes,50-75,No,0,Yes,25-50,Yes,0,No,,No,Yes,25,No,,52776,60,12240,8.9,0.78,84,5.11,130.56,28,41,,Yes,Yes,No,No,No,,No,,No,,Yes,Yes,,,,,,,,,,,,,,,,,,,,,,,No,,,,,,,,,,,,,,,,,WHO African Region,,,,Yes,No,,Yes,Yes,,No,No,No,No,No,,No,,,,Regional,Established,Regional,Pilot,Local,Pilot,,,Regional  National  Local Pilot,Established,National,Pilot,Local,Pilot,National  Local,Pilot,,,,,National,Established,Regional,Established,National,Established
123,Zambia,No,,Yes,2013,Yes,2009,No,,Yes,25,No,0,Yes,25-50,No,0,No,,No,Yes,25,Yes,25,14539,58,3070,5,0.17,132,0.78,74.78,20,13.5,No,No,Yes,No,No,No,No,No,No,No,No,Yes,Yes,Intermediate,,,,,,,,,,No,No,No,Yes,No,No,No,No,No,Yes,No,No,Yes,2009,No,Yes,25-50,Yes,25,No,,,,,,,No,Yes,No,WHO African Region,No,,,Yes,,Yes,Yes,Yes,Yes,,Yes,Yes,,No,,No,,National,,National,,National,,,,,,National,,National,,,,Intermediate,,Intermediate,,Intermediate,,,Pilot,National,,National,
124,Zimbabwe,No,,Yes,2012,Yes,2006,No,,Yes,25,Yes,25,Yes,25,Yes,25,No,,Yes,Yes,25-50,Yes,25,14150,59,1560,,0.08,115,1.34,91.91,17,17.1,No,No,No,No,No,No,No,No,No,No,No,Yes,Yes,National  Intermediate,,,Informal,Local,Established,,,Local,Pilot,Yes,Yes,Yes,Yes,Yes,Yes,Yes,Yes,Yes,Yes,Yes,Yes,No,,,,,,,,,,,,,,Yes,Yes,Yes,WHO African Region,No,,,Yes,Yes,Yes,Yes,Yes,Yes,Yes,Yes,Yes,Yes,Yes,,No,,Local,,Local,Pilot,Local,Pilot,Informal,Established,National Informal,Established,Local,Pilot,National,Pilot,Local,Established,Local,Informal,Local,Informal,,Informal,Local,Established,National,Established,National,Established
